epoch,step,train/loss_epoch,train/loss_step,train/nelbo,val/loss,val/loss_best,val/nelbo
0,49,,9.668498992919922,9.668498992919922,,,
0,99,,10.628500938415527,10.628500938415527,,,
0,149,,12.673383712768555,12.673383712768555,,,
0,199,,8.140941619873047,8.140941619873047,,,
0,249,,9.370561599731445,9.370561599731445,,,
0,299,,9.236957550048828,9.236957550048828,,,
0,349,,7.455093860626221,7.455093860626221,,,
0,399,,8.067994117736816,8.067994117736816,,,
0,449,,8.045181274414062,8.045181274414062,,,
0,499,,7.986788749694824,7.986788749694824,,,
0,549,,7.573680877685547,7.573680877685547,,,
0,599,,6.660006523132324,6.660006523132324,,,
0,649,,5.16503381729126,5.16503381729126,,,
0,699,,7.051664352416992,7.051664352416992,,,
0,749,,7.790175437927246,7.790175437927246,,,
0,799,,7.9286580085754395,7.9286580085754395,,,
0,849,,7.148428916931152,7.148428916931152,,,
0,899,,4.172654151916504,4.172654151916504,,,
0,949,,6.516697406768799,6.516697406768799,,,
0,999,,6.575099945068359,6.575099945068359,,,
0,1049,,5.861971378326416,5.861971378326416,,,
0,1099,,6.7015814781188965,6.7015814781188965,,,
0,1149,,7.406065464019775,7.406065464019775,,,
0,1199,,7.045007705688477,7.045007705688477,,,
0,1249,,6.398287773132324,6.398287773132324,,,
0,1299,,7.088174343109131,7.088174343109131,,,
0,1349,,6.950224876403809,6.950224876403809,,,
0,1399,,5.859862804412842,5.859862804412842,,,
0,1449,,4.423335075378418,4.423335075378418,,,
0,1499,,6.218652725219727,6.218652725219727,,,
0,1549,,6.4944047927856445,6.4944047927856445,,,
0,1599,,6.920166015625,6.920166015625,,,
0,1649,,6.551632404327393,6.551632404327393,,,
0,1699,,6.488014221191406,6.488014221191406,,,
0,1749,,6.599286079406738,6.599286079406738,,,
0,1799,,6.38808536529541,6.38808536529541,,,
0,1849,,6.332944869995117,6.332944869995117,,,
0,1899,,7.108522415161133,7.108522415161133,,,
0,1949,,7.572009086608887,7.572009086608887,,,
0,1999,,7.28442907333374,7.28442907333374,,,
0,2049,,6.442728042602539,6.442728042602539,,,
0,2099,,7.0367889404296875,7.0367889404296875,,,
0,2149,,6.503462791442871,6.503462791442871,,,
0,2199,,7.2809648513793945,7.2809648513793945,,,
0,2249,,6.496365070343018,6.496365070343018,,,
0,2299,,6.323999881744385,6.323999881744385,,,
0,2349,,6.364082336425781,6.364082336425781,,,
0,2399,,6.184628486633301,6.184628486633301,,,
0,2449,,5.9234490394592285,5.9234490394592285,,,
0,2499,,6.277919769287109,6.277919769287109,,,
0,2549,,6.8819122314453125,6.8819122314453125,,,
0,2599,,6.403322219848633,6.403322219848633,,,
0,2649,,3.5493366718292236,3.5493366718292236,,,
0,2699,,6.566414833068848,6.566414833068848,,,
0,2749,,6.423775672912598,6.423775672912598,,,
0,2799,,6.766194820404053,6.766194820404053,,,
0,2849,,5.712378025054932,5.712378025054932,,,
0,2899,,6.153462886810303,6.153462886810303,,,
0,2949,,6.310549259185791,6.310549259185791,,,
0,2999,,3.758312940597534,3.758312940597534,,,
0,3049,,6.6394572257995605,6.6394572257995605,,,
0,3099,,5.996793746948242,5.996793746948242,,,
0,3149,,5.554811477661133,5.554811477661133,,,
0,3199,,6.51597785949707,6.51597785949707,,,
0,3249,,6.261266231536865,6.261266231536865,,,
0,3299,,5.163106441497803,5.163106441497803,,,
0,3349,,5.126707077026367,5.126707077026367,,,
0,3399,,5.694345951080322,5.694345951080322,,,
0,3449,,5.519011974334717,5.519011974334717,,,
0,3499,,6.1336259841918945,6.1336259841918945,,,
0,3549,,6.5113139152526855,6.5113139152526855,,,
0,3599,,4.3348798751831055,4.3348798751831055,,,
0,3649,,6.451367378234863,6.451367378234863,,,
0,3699,,4.990753173828125,4.990753173828125,,,
0,3749,,5.565923690795898,5.565923690795898,,,
0,3799,,5.867308616638184,5.867308616638184,,,
0,3849,,5.87880802154541,5.87880802154541,,,
0,3899,,5.618193626403809,5.618193626403809,,,
0,3949,,5.481117248535156,5.481117248535156,,,
0,3999,,5.400899410247803,5.400899410247803,,,
0,4049,,6.660139083862305,6.660139083862305,,,
0,4099,,5.636321544647217,5.636321544647217,,,
0,4149,,5.258642673492432,5.258642673492432,,,
0,4199,,3.9411818981170654,3.9411818981170654,,,
0,4249,,4.465109825134277,4.465109825134277,,,
0,4299,,5.128695487976074,5.128695487976074,,,
0,4349,,5.02884578704834,5.02884578704834,,,
0,4399,,6.530531883239746,6.530531883239746,,,
0,4449,,5.655545234680176,5.655545234680176,,,
0,4499,,7.089173316955566,7.089173316955566,,,
0,4549,,5.6586151123046875,5.6586151123046875,,,
0,4599,,5.593108654022217,5.593108654022217,,,
0,4649,,5.238317489624023,5.238317489624023,,,
0,4699,,4.894298553466797,4.894298553466797,,,
0,4749,,5.338245391845703,5.338245391845703,,,
0,4799,,5.03251314163208,5.03251314163208,,,
0,4849,,5.016264915466309,5.016264915466309,,,
0,4899,,5.012095928192139,5.012095928192139,,,
0,4949,,4.7647199630737305,4.7647199630737305,,,
0,4999,,5.851303577423096,5.851303577423096,,,
0,5049,,4.783168792724609,4.783168792724609,,,
0,5099,,5.54148006439209,5.54148006439209,,,
0,5149,,5.809330940246582,5.809330940246582,,,
0,5199,,5.280881404876709,5.280881404876709,,,
0,5249,,5.3014817237854,5.3014817237854,,,
0,5299,,4.791143894195557,4.791143894195557,,,
0,5349,,4.961094856262207,4.961094856262207,,,
0,5399,,5.2439961433410645,5.2439961433410645,,,
0,5449,,5.39422607421875,5.39422607421875,,,
0,5499,,4.6459550857543945,4.6459550857543945,,,
0,5549,,4.891097545623779,4.891097545623779,,,
0,5599,,4.7942609786987305,4.7942609786987305,,,
0,5649,,4.711442947387695,4.711442947387695,,,
0,5699,,4.873663902282715,4.873663902282715,,,
0,5749,,4.605066776275635,4.605066776275635,,,
0,5799,,4.834320068359375,4.834320068359375,,,
0,5849,,4.218410968780518,4.218410968780518,,,
0,5899,,5.9307756423950195,5.9307756423950195,,,
0,5949,,5.1813578605651855,5.1813578605651855,,,
0,5999,,4.6058526039123535,4.6058526039123535,,,
0,6049,,6.132826805114746,6.132826805114746,,,
0,6099,,5.288456916809082,5.288456916809082,,,
0,6149,,4.477463722229004,4.477463722229004,,,
0,6199,,5.576308250427246,5.576308250427246,,,
0,6249,,4.866065502166748,4.866065502166748,,,
0,6299,,4.5864787101745605,4.5864787101745605,,,
0,6349,,5.054601669311523,5.054601669311523,,,
0,6399,,5.129620552062988,5.129620552062988,,,
0,6449,,4.096883296966553,4.096883296966553,,,
0,6499,,3.8134236335754395,3.8134236335754395,,,
0,6549,,4.330494403839111,4.330494403839111,,,
0,6599,,5.8213276863098145,5.8213276863098145,,,
0,6649,,5.02592658996582,5.02592658996582,,,
0,6699,,5.705225467681885,5.705225467681885,,,
0,6749,,7.825117588043213,7.825117588043213,,,
0,6799,,4.996687412261963,4.996687412261963,,,
0,6849,,4.669029712677002,4.669029712677002,,,
0,6899,,5.4073967933654785,5.4073967933654785,,,
0,6949,,5.919306755065918,5.919306755065918,,,
0,6999,,5.17641544342041,5.17641544342041,,,
0,7049,,3.495466947555542,3.495466947555542,,,
0,7099,,4.548506259918213,4.548506259918213,,,
0,7149,,4.444957256317139,4.444957256317139,,,
0,7199,,4.96235990524292,4.96235990524292,,,
0,7249,,4.852168083190918,4.852168083190918,,,
0,7299,,4.735561847686768,4.735561847686768,,,
0,7349,,5.955379009246826,5.955379009246826,,,
0,7399,,5.747790813446045,5.747790813446045,,,
0,7449,,3.9757091999053955,3.9757091999053955,,,
0,7499,,5.49019193649292,5.49019193649292,,,
0,7549,,6.43271541595459,6.43271541595459,,,
0,7599,,5.652425765991211,5.652425765991211,,,
0,7649,,4.320960521697998,4.320960521697998,,,
0,7699,,4.512005805969238,4.512005805969238,,,
0,7749,,5.618315696716309,5.618315696716309,,,
0,7799,,6.440938472747803,6.440938472747803,,,
0,7849,,4.98518180847168,4.98518180847168,,,
0,7899,,4.155129909515381,4.155129909515381,,,
0,7949,,5.680852890014648,5.680852890014648,,,
0,7999,,5.123029708862305,5.123029708862305,,,
0,8049,,4.970870018005371,4.970870018005371,,,
0,8099,,4.7543864250183105,4.7543864250183105,,,
0,8149,,4.461149215698242,4.461149215698242,,,
0,8199,,3.6487109661102295,3.6487109661102295,,,
0,8249,,3.690814733505249,3.690814733505249,,,
0,8299,,6.184634208679199,6.184634208679199,,,
0,8349,,4.788759231567383,4.788759231567383,,,
0,8399,,4.614285469055176,4.614285469055176,,,
0,8449,,5.841160774230957,5.841160774230957,,,
0,8499,,4.03270149230957,4.03270149230957,,,
0,8549,,4.6354522705078125,4.6354522705078125,,,
0,8599,,4.586936950683594,4.586936950683594,,,
0,8649,,5.0683979988098145,5.0683979988098145,,,
0,8699,,4.96115779876709,4.96115779876709,,,
0,8749,,4.2143425941467285,4.2143425941467285,,,
0,8799,,4.7099409103393555,4.7099409103393555,,,
0,8849,,5.282444477081299,5.282444477081299,,,
0,8899,,5.213728427886963,5.213728427886963,,,
0,8949,,3.940345525741577,3.940345525741577,,,
0,8999,,3.888681411743164,3.888681411743164,,,
0,9049,,4.913936138153076,4.913936138153076,,,
0,9099,,4.254399299621582,4.254399299621582,,,
0,9149,,5.429408073425293,5.429408073425293,,,
0,9199,,3.872105121612549,3.872105121612549,,,
0,9249,,4.1874098777771,4.1874098777771,,,
0,9299,,4.6432952880859375,4.6432952880859375,,,
0,9349,,4.321465015411377,4.321465015411377,,,
0,9399,,4.210009574890137,4.210009574890137,,,
0,9449,,4.119495868682861,4.119495868682861,,,
0,9499,,5.054907321929932,5.054907321929932,,,
0,9549,,4.821610450744629,4.821610450744629,,,
0,9599,,3.823134660720825,3.823134660720825,,,
0,9649,,3.7749247550964355,3.7749247550964355,,,
0,9699,,4.671910285949707,4.671910285949707,,,
0,9749,,4.620059967041016,4.620059967041016,,,
0,9799,,4.3686699867248535,4.3686699867248535,,,
0,9849,,3.062281608581543,3.062281608581543,,,
0,9899,,5.137488842010498,5.137488842010498,,,
0,9949,,4.078089714050293,4.078089714050293,,,
0,9999,,3.66139817237854,3.66139817237854,,,
0,10049,,4.021470546722412,4.021470546722412,,,
0,10099,,3.8703179359436035,3.8703179359436035,,,
0,10149,,4.596832275390625,4.596832275390625,,,
0,10199,,4.45064640045166,4.45064640045166,,,
0,10249,,4.221155643463135,4.221155643463135,,,
0,10299,,3.829411745071411,3.829411745071411,,,
0,10349,,3.2736783027648926,3.2736783027648926,,,
0,10399,,3.9490599632263184,3.9490599632263184,,,
0,10449,,5.0241289138793945,5.0241289138793945,,,
0,10499,,4.146883010864258,4.146883010864258,,,
0,10549,,4.103079319000244,4.103079319000244,,,
0,10599,,5.027166366577148,5.027166366577148,,,
0,10649,,5.406640529632568,5.406640529632568,,,
0,10699,,3.5600857734680176,3.5600857734680176,,,
0,10749,,6.019583225250244,6.019583225250244,,,
0,10799,,5.4746294021606445,5.4746294021606445,,,
0,10849,,3.7411723136901855,3.7411723136901855,,,
0,10899,,4.356106758117676,4.356106758117676,,,
0,10949,,8.388726234436035,8.388726234436035,,,
0,10999,,3.534376621246338,3.534376621246338,,,
0,11049,,4.752951145172119,4.752951145172119,,,
0,11099,,4.348153591156006,4.348153591156006,,,
0,11149,,4.243458271026611,4.243458271026611,,,
0,11199,,4.38087797164917,4.38087797164917,,,
0,11249,,3.9393954277038574,3.9393954277038574,,,
0,11299,,5.031800270080566,5.031800270080566,,,
0,11349,,2.929570198059082,2.929570198059082,,,
0,11399,,5.719822406768799,5.719822406768799,,,
0,11449,,4.221595764160156,4.221595764160156,,,
0,11499,,6.276139736175537,6.276139736175537,,,
0,11549,,3.8198249340057373,3.8198249340057373,,,
0,11599,,3.683907985687256,3.683907985687256,,,
0,11649,,3.351222515106201,3.351222515106201,,,
0,11699,,4.055088043212891,4.055088043212891,,,
0,11749,,5.150748252868652,5.150748252868652,,,
0,11799,,6.231903076171875,6.231903076171875,,,
0,11849,,4.143430233001709,4.143430233001709,,,
0,11899,,3.430711507797241,3.430711507797241,,,
0,11949,,4.461258888244629,4.461258888244629,,,
0,11999,,5.655841827392578,5.655841827392578,,,
0,12049,,3.6452903747558594,3.6452903747558594,,,
0,12099,,5.357210159301758,5.357210159301758,,,
0,12149,,4.266395092010498,4.266395092010498,,,
0,12199,,4.474737167358398,4.474737167358398,,,
0,12249,,3.415346145629883,3.415346145629883,,,
0,12299,,4.315981864929199,4.315981864929199,,,
0,12349,,4.734384536743164,4.734384536743164,,,
0,12399,,3.9692764282226562,3.9692764282226562,,,
0,12449,,4.54574728012085,4.54574728012085,,,
0,12499,,4.850549221038818,4.850549221038818,,,
0,12549,,4.981100082397461,4.981100082397461,,,
0,12599,,3.32157826423645,3.32157826423645,,,
0,12649,,3.3810768127441406,3.3810768127441406,,,
0,12699,,4.044129371643066,4.044129371643066,,,
0,12749,,3.660841226577759,3.660841226577759,,,
0,12799,,3.6359457969665527,3.6359457969665527,,,
0,12849,,5.9048662185668945,5.9048662185668945,,,
0,12899,,4.346096992492676,4.346096992492676,,,
0,12949,,4.6017069816589355,4.6017069816589355,,,
0,12999,,3.416660785675049,3.416660785675049,,,
0,13049,,3.9748830795288086,3.9748830795288086,,,
0,13099,,5.611471176147461,5.611471176147461,,,
0,13149,,3.7775444984436035,3.7775444984436035,,,
0,13199,,3.5984981060028076,3.5984981060028076,,,
0,13249,,6.832760810852051,6.832760810852051,,,
0,13299,,5.323975563049316,5.323975563049316,,,
0,13349,,3.7387025356292725,3.7387025356292725,,,
0,13399,,3.9084389209747314,3.9084389209747314,,,
0,13449,,2.84605073928833,2.84605073928833,,,
0,13499,,3.2758097648620605,3.2758097648620605,,,
0,13549,,3.5356247425079346,3.5356247425079346,,,
0,13599,,4.143108367919922,4.143108367919922,,,
0,13649,,3.956732749938965,3.956732749938965,,,
0,13699,,5.012721538543701,5.012721538543701,,,
0,13749,,5.340791702270508,5.340791702270508,,,
0,13799,,5.450906276702881,5.450906276702881,,,
0,13849,,3.6645007133483887,3.6645007133483887,,,
0,13899,,5.118185997009277,5.118185997009277,,,
0,13949,,3.6911442279815674,3.6911442279815674,,,
0,13999,,4.986814498901367,4.986814498901367,,,
0,14049,,4.7078423500061035,4.7078423500061035,,,
0,14099,,4.585641860961914,4.585641860961914,,,
0,14149,,5.507420063018799,5.507420063018799,,,
0,14199,,3.6559295654296875,3.6559295654296875,,,
0,14249,,3.734374523162842,3.734374523162842,,,
0,14299,,3.2526872158050537,3.2526872158050537,,,
0,14349,,3.7883214950561523,3.7883214950561523,,,
0,14399,,3.94014835357666,3.94014835357666,,,
0,14449,,4.533762454986572,4.533762454986572,,,
0,14499,,2.890374183654785,2.890374183654785,,,
0,14549,,3.71647047996521,3.71647047996521,,,
0,14599,,3.830202102661133,3.830202102661133,,,
0,14649,,4.585812091827393,4.585812091827393,,,
0,14699,,4.255301475524902,4.255301475524902,,,
0,14749,,5.690605163574219,5.690605163574219,,,
0,14799,,3.844339370727539,3.844339370727539,,,
0,14849,,4.270607948303223,4.270607948303223,,,
0,14899,,4.426011562347412,4.426011562347412,,,
0,14949,,4.222313404083252,4.222313404083252,,,
0,14999,,4.460440158843994,4.460440158843994,,,
0,15049,,3.641434669494629,3.641434669494629,,,
0,15099,,5.046736717224121,5.046736717224121,,,
0,15149,,4.232392311096191,4.232392311096191,,,
0,15199,,3.9193825721740723,3.9193825721740723,,,
0,15249,,2.9557688236236572,2.9557688236236572,,,
0,15299,,3.876469612121582,3.876469612121582,,,
0,15349,,3.2654547691345215,3.2654547691345215,,,
0,15399,,4.267748832702637,4.267748832702637,,,
0,15449,,3.676821231842041,3.676821231842041,,,
0,15499,,4.092230319976807,4.092230319976807,,,
0,15549,,5.107141494750977,5.107141494750977,,,
0,15599,,3.6586525440216064,3.6586525440216064,,,
0,15649,,3.8561055660247803,3.8561055660247803,,,
0,15699,,4.44679594039917,4.44679594039917,,,
0,15749,,3.871863603591919,3.871863603591919,,,
0,15799,,4.79131555557251,4.79131555557251,,,
0,15849,,3.4267938137054443,3.4267938137054443,,,
0,15899,,4.821897029876709,4.821897029876709,,,
0,15949,,2.702824354171753,2.702824354171753,,,
0,15999,,3.6396069526672363,3.6396069526672363,,,
0,16049,,5.742953300476074,5.742953300476074,,,
0,16099,,9.006202697753906,9.006202697753906,,,
0,16149,,5.386873245239258,5.386873245239258,,,
0,16199,,3.330855369567871,3.330855369567871,,,
0,16249,,3.2187469005584717,3.2187469005584717,,,
0,16299,,3.021742582321167,3.021742582321167,,,
0,16349,,3.5881874561309814,3.5881874561309814,,,
0,16399,,3.3477368354797363,3.3477368354797363,,,
0,16449,,2.972290515899658,2.972290515899658,,,
0,16499,,4.997572898864746,4.997572898864746,,,
0,16549,,4.544034004211426,4.544034004211426,,,
0,16599,,3.707448959350586,3.707448959350586,,,
0,16649,,4.25123929977417,4.25123929977417,,,
0,16699,,3.4247498512268066,3.4247498512268066,,,
0,16749,,4.3596086502075195,4.3596086502075195,,,
0,16799,,3.6003341674804688,3.6003341674804688,,,
0,16849,,3.412208080291748,3.412208080291748,,,
0,16899,,3.7022016048431396,3.7022016048431396,,,
0,16949,,3.699622392654419,3.699622392654419,,,
0,16999,,3.795290946960449,3.795290946960449,,,
0,17049,,4.272067070007324,4.272067070007324,,,
0,17099,,4.175395488739014,4.175395488739014,,,
0,17149,,6.2139997482299805,6.2139997482299805,,,
0,17199,,3.9327127933502197,3.9327127933502197,,,
0,17249,,3.1540205478668213,3.1540205478668213,,,
0,17299,,3.2787113189697266,3.2787113189697266,,,
0,17349,,5.610044479370117,5.610044479370117,,,
0,17399,,3.672797918319702,3.672797918319702,,,
0,17449,,4.080686092376709,4.080686092376709,,,
0,17499,,3.7367208003997803,3.7367208003997803,,,
0,17549,,3.717012405395508,3.717012405395508,,,
0,17599,,5.019479751586914,5.019479751586914,,,
0,17649,,3.437574625015259,3.437574625015259,,,
0,17699,,4.158052444458008,4.158052444458008,,,
0,17749,,3.37829327583313,3.37829327583313,,,
0,17799,,4.212380409240723,4.212380409240723,,,
0,17849,,4.528239727020264,4.528239727020264,,,
0,17899,,3.683671712875366,3.683671712875366,,,
0,17949,,4.322244167327881,4.322244167327881,,,
0,17999,,3.787513017654419,3.787513017654419,,,
0,18049,,4.798251152038574,4.798251152038574,,,
0,18099,,3.763185501098633,3.763185501098633,,,
0,18149,,3.3117516040802,3.3117516040802,,,
0,18199,,3.4921154975891113,3.4921154975891113,,,
0,18249,,2.7503910064697266,2.7503910064697266,,,
0,18299,,2.9874470233917236,2.9874470233917236,,,
0,18349,,2.5415241718292236,2.5415241718292236,,,
0,18399,,4.657034873962402,4.657034873962402,,,
0,18449,,4.085959434509277,4.085959434509277,,,
0,18499,,3.1807308197021484,3.1807308197021484,,,
0,18549,,4.283956527709961,4.283956527709961,,,
0,18599,,3.7881267070770264,3.7881267070770264,,,
0,18649,,3.335386276245117,3.335386276245117,,,
0,18699,,4.540788173675537,4.540788173675537,,,
0,18749,,3.6162915229797363,3.6162915229797363,,,
0,18799,,3.4332664012908936,3.4332664012908936,,,
0,18849,,4.533688068389893,4.533688068389893,,,
0,18899,,4.573049545288086,4.573049545288086,,,
0,18949,,1.9746450185775757,1.9746450185775757,,,
0,18999,,3.3878140449523926,3.3878140449523926,,,
0,19049,,4.316505432128906,4.316505432128906,,,
0,19099,,3.929913282394409,3.929913282394409,,,
0,19149,,2.9186694622039795,2.9186694622039795,,,
0,19199,,4.142082691192627,4.142082691192627,,,
0,19249,,3.585843324661255,3.585843324661255,,,
0,19299,,3.7112510204315186,3.7112510204315186,,,
0,19349,,3.3458104133605957,3.3458104133605957,,,
0,19399,,4.598914623260498,4.598914623260498,,,
0,19449,,5.186240196228027,5.186240196228027,,,
0,19499,,3.2754530906677246,3.2754530906677246,,,
0,19549,,2.752108573913574,2.752108573913574,,,
0,19599,,4.115965366363525,4.115965366363525,,,
0,19649,,4.238802433013916,4.238802433013916,,,
0,19699,,3.4976234436035156,3.4976234436035156,,,
0,19749,,3.078885793685913,3.078885793685913,,,
0,19799,,3.0792348384857178,3.0792348384857178,,,
0,19849,,2.6579108238220215,2.6579108238220215,,,
0,19899,,3.4343323707580566,3.4343323707580566,,,
0,19949,,3.8030905723571777,3.8030905723571777,,,
0,19999,,4.510064125061035,4.510064125061035,,,
0,20049,,3.9930639266967773,3.9930639266967773,,,
0,20099,,3.3041067123413086,3.3041067123413086,,,
0,20149,,3.6248321533203125,3.6248321533203125,,,
0,20199,,3.4781363010406494,3.4781363010406494,,,
0,20249,,3.459604263305664,3.459604263305664,,,
0,20299,,3.7323269844055176,3.7323269844055176,,,
0,20349,,3.924333095550537,3.924333095550537,,,
0,20399,,5.196254730224609,5.196254730224609,,,
0,20449,,4.961133003234863,4.961133003234863,,,
0,20499,,3.7802371978759766,3.7802371978759766,,,
0,20549,,3.648090362548828,3.648090362548828,,,
0,20599,,2.9607653617858887,2.9607653617858887,,,
0,20649,,1.7845624685287476,1.7845624685287476,,,
0,20699,,3.5218217372894287,3.5218217372894287,,,
0,20749,,4.902530193328857,4.902530193328857,,,
0,20799,,2.6338419914245605,2.6338419914245605,,,
0,20849,,3.4939043521881104,3.4939043521881104,,,
0,20899,,2.8263633251190186,2.8263633251190186,,,
0,20949,,4.373217582702637,4.373217582702637,,,
0,20999,,3.862349271774292,3.862349271774292,,,
0,21049,,4.641229152679443,4.641229152679443,,,
0,21099,,2.8933889865875244,2.8933889865875244,,,
0,21149,,3.4855847358703613,3.4855847358703613,,,
0,21199,,4.265621185302734,4.265621185302734,,,
0,21249,,4.048854351043701,4.048854351043701,,,
0,21299,,3.40608286857605,3.40608286857605,,,
0,21349,,2.9196317195892334,2.9196317195892334,,,
0,21399,,4.8448944091796875,4.8448944091796875,,,
0,21449,,3.170078754425049,3.170078754425049,,,
0,21499,,3.935236692428589,3.935236692428589,,,
0,21549,,4.147873878479004,4.147873878479004,,,
0,21599,,3.655200481414795,3.655200481414795,,,
0,21649,,3.2271604537963867,3.2271604537963867,,,
0,21699,,2.9595277309417725,2.9595277309417725,,,
0,21749,,3.571798801422119,3.571798801422119,,,
0,21799,,3.086841106414795,3.086841106414795,,,
0,21849,,5.036797046661377,5.036797046661377,,,
0,21899,,3.215113401412964,3.215113401412964,,,
0,21949,,4.82948637008667,4.82948637008667,,,
0,21999,,4.2313456535339355,4.2313456535339355,,,
0,22049,,4.309311389923096,4.309311389923096,,,
0,22099,,3.819335460662842,3.819335460662842,,,
0,22149,,2.8171396255493164,2.8171396255493164,,,
0,22199,,3.3643927574157715,3.3643927574157715,,,
0,22249,,3.462716579437256,3.462716579437256,,,
0,22299,,3.1584255695343018,3.1584255695343018,,,
0,22349,,5.1934709548950195,5.1934709548950195,,,
0,22399,,4.836726188659668,4.836726188659668,,,
0,22449,,3.5114760398864746,3.5114760398864746,,,
0,22499,,4.23217248916626,4.23217248916626,,,
0,22549,,4.041995048522949,4.041995048522949,,,
0,22599,,2.6981680393218994,2.6981680393218994,,,
0,22649,,3.1337199211120605,3.1337199211120605,,,
0,22699,,4.559365272521973,4.559365272521973,,,
0,22749,,5.3715949058532715,5.3715949058532715,,,
0,22799,,4.938559532165527,4.938559532165527,,,
0,22849,,3.5372684001922607,3.5372684001922607,,,
0,22899,,3.424464702606201,3.424464702606201,,,
0,22949,,3.211293935775757,3.211293935775757,,,
0,22999,,2.507333755493164,2.507333755493164,,,
0,23049,,2.6187520027160645,2.6187520027160645,,,
0,23099,,3.2970993518829346,3.2970993518829346,,,
0,23149,,5.58673620223999,5.58673620223999,,,
0,23199,,4.034815311431885,4.034815311431885,,,
0,23249,,4.184635639190674,4.184635639190674,,,
0,23299,,3.13765811920166,3.13765811920166,,,
0,23349,,5.026068210601807,5.026068210601807,,,
0,23399,,11.800286293029785,11.800286293029785,,,
0,23449,,4.618882656097412,4.618882656097412,,,
0,23499,,2.0348148345947266,2.0348148345947266,,,
0,23549,,3.176588535308838,3.176588535308838,,,
0,23599,,3.6164839267730713,3.6164839267730713,,,
0,23649,,4.003057479858398,4.003057479858398,,,
0,23699,,5.299570083618164,5.299570083618164,,,
0,23749,,3.441983461380005,3.441983461380005,,,
0,23799,,2.6623692512512207,2.6623692512512207,,,
0,23849,,3.1370983123779297,3.1370983123779297,,,
0,23899,,4.386025905609131,4.386025905609131,,,
0,23949,,3.9405994415283203,3.9405994415283203,,,
0,23999,,4.4570770263671875,4.4570770263671875,,,
0,23999,,,,3.838068962097168,3.838068962097168,3.838068723678589
0,23999,4.789140224456787,,,,,
1,24049,,5.18611478805542,5.18611478805542,,,
1,24099,,4.637563228607178,4.637563228607178,,,
1,24149,,3.52935528755188,3.52935528755188,,,
1,24199,,3.8687260150909424,3.8687260150909424,,,
1,24249,,4.050292015075684,4.050292015075684,,,
1,24299,,3.335127353668213,3.335127353668213,,,
1,24349,,0.001811981201171875,0.001811981201171875,,,
1,24399,,4.729086875915527,4.729086875915527,,,
1,24449,,3.1805524826049805,3.1805524826049805,,,
1,24499,,5.309480667114258,5.309480667114258,,,
1,24549,,4.6318135261535645,4.6318135261535645,,,
1,24599,,3.5314972400665283,3.5314972400665283,,,
1,24649,,3.4337167739868164,3.4337167739868164,,,
1,24699,,4.003356456756592,4.003356456756592,,,
1,24749,,4.149240493774414,4.149240493774414,,,
1,24799,,3.2975995540618896,3.2975995540618896,,,
1,24849,,3.539477586746216,3.539477586746216,,,
1,24899,,3.108748435974121,3.108748435974121,,,
1,24949,,4.251010894775391,4.251010894775391,,,
1,24999,,3.0052456855773926,3.0052456855773926,,,
1,25049,,4.4184112548828125,4.4184112548828125,,,
1,25099,,2.793062925338745,2.793062925338745,,,
1,25149,,3.140458822250366,3.140458822250366,,,
1,25199,,3.496049642562866,3.496049642562866,,,
1,25249,,5.721673011779785,5.721673011779785,,,
1,25299,,5.126532554626465,5.126532554626465,,,
1,25349,,3.4883499145507812,3.4883499145507812,,,
1,25399,,4.2136006355285645,4.2136006355285645,,,
1,25449,,4.6552886962890625,4.6552886962890625,,,
1,25499,,4.436279773712158,4.436279773712158,,,
1,25549,,3.244534492492676,3.244534492492676,,,
1,25599,,3.6212475299835205,3.6212475299835205,,,
1,25649,,3.1187872886657715,3.1187872886657715,,,
1,25699,,2.9285783767700195,2.9285783767700195,,,
1,25749,,3.8626036643981934,3.8626036643981934,,,
1,25799,,2.0711212158203125,2.0711212158203125,,,
1,25849,,3.574512481689453,3.574512481689453,,,
1,25899,,4.608096122741699,4.608096122741699,,,
1,25949,,3.299987316131592,3.299987316131592,,,
1,25999,,3.7183620929718018,3.7183620929718018,,,
1,26049,,3.9758589267730713,3.9758589267730713,,,
1,26099,,3.4100961685180664,3.4100961685180664,,,
1,26149,,4.181548118591309,4.181548118591309,,,
1,26199,,3.304436206817627,3.304436206817627,,,
1,26249,,3.7404818534851074,3.7404818534851074,,,
1,26299,,3.220947504043579,3.220947504043579,,,
1,26349,,3.814328670501709,3.814328670501709,,,
1,26399,,4.233026504516602,4.233026504516602,,,
1,26449,,6.54797887802124,6.54797887802124,,,
1,26499,,3.8309693336486816,3.8309693336486816,,,
1,26549,,5.719294548034668,5.719294548034668,,,
1,26599,,4.701401233673096,4.701401233673096,,,
1,26649,,4.22397518157959,4.22397518157959,,,
1,26699,,4.683978080749512,4.683978080749512,,,
1,26749,,2.965688705444336,2.965688705444336,,,
1,26799,,3.3341598510742188,3.3341598510742188,,,
1,26849,,4.494900226593018,4.494900226593018,,,
1,26899,,2.312143087387085,2.312143087387085,,,
1,26949,,2.5283281803131104,2.5283281803131104,,,
1,26999,,3.2808122634887695,3.2808122634887695,,,
1,27049,,4.549793243408203,4.549793243408203,,,
1,27099,,3.834853172302246,3.834853172302246,,,
1,27149,,4.578793525695801,4.578793525695801,,,
1,27199,,3.279808521270752,3.279808521270752,,,
1,27249,,2.865668773651123,2.865668773651123,,,
1,27299,,3.221450090408325,3.221450090408325,,,
1,27349,,3.061952829360962,3.061952829360962,,,
1,27399,,3.428238868713379,3.428238868713379,,,
1,27449,,1.8322480916976929,1.8322480916976929,,,
1,27499,,2.888421058654785,2.888421058654785,,,
1,27549,,5.152942657470703,5.152942657470703,,,
1,27599,,4.460724830627441,4.460724830627441,,,
1,27649,,7.3891825675964355,7.3891825675964355,,,
1,27699,,4.504439353942871,4.504439353942871,,,
1,27749,,3.20387601852417,3.20387601852417,,,
1,27799,,3.406644582748413,3.406644582748413,,,
1,27849,,4.083785057067871,4.083785057067871,,,
1,27899,,3.5508105754852295,3.5508105754852295,,,
1,27949,,2.865398406982422,2.865398406982422,,,
1,27999,,2.973400354385376,2.973400354385376,,,
1,28049,,4.72930908203125,4.72930908203125,,,
1,28099,,2.634037494659424,2.634037494659424,,,
1,28149,,3.907325267791748,3.907325267791748,,,
1,28199,,3.529465675354004,3.529465675354004,,,
1,28249,,3.092189073562622,3.092189073562622,,,
1,28299,,3.5330803394317627,3.5330803394317627,,,
1,28349,,3.79451847076416,3.79451847076416,,,
1,28399,,4.097986221313477,4.097986221313477,,,
1,28449,,2.2169225215911865,2.2169225215911865,,,
1,28499,,3.9548425674438477,3.9548425674438477,,,
1,28549,,4.8201398849487305,4.8201398849487305,,,
1,28599,,4.40118932723999,4.40118932723999,,,
1,28649,,3.520765781402588,3.520765781402588,,,
1,28699,,4.281859397888184,4.281859397888184,,,
1,28749,,3.5188074111938477,3.5188074111938477,,,
1,28799,,5.402403354644775,5.402403354644775,,,
1,28849,,3.4099292755126953,3.4099292755126953,,,
1,28899,,3.3364334106445312,3.3364334106445312,,,
1,28949,,3.578770637512207,3.578770637512207,,,
1,28999,,4.361140251159668,4.361140251159668,,,
1,29049,,2.9757497310638428,2.9757497310638428,,,
1,29099,,3.0992562770843506,3.0992562770843506,,,
1,29149,,2.537529945373535,2.537529945373535,,,
1,29199,,3.686924695968628,3.686924695968628,,,
1,29249,,3.4387521743774414,3.4387521743774414,,,
1,29299,,3.0421109199523926,3.0421109199523926,,,
1,29349,,3.6476030349731445,3.6476030349731445,,,
1,29399,,1.7151694297790527,1.7151694297790527,,,
1,29449,,3.4613595008850098,3.4613595008850098,,,
1,29499,,4.332560062408447,4.332560062408447,,,
1,29549,,2.4055237770080566,2.4055237770080566,,,
1,29599,,4.210801601409912,4.210801601409912,,,
1,29649,,3.8819684982299805,3.8819684982299805,,,
1,29699,,3.221470832824707,3.221470832824707,,,
1,29749,,2.869436264038086,2.869436264038086,,,
1,29799,,3.8498754501342773,3.8498754501342773,,,
1,29849,,3.2659482955932617,3.2659482955932617,,,
1,29899,,2.824244737625122,2.824244737625122,,,
1,29949,,2.39615535736084,2.39615535736084,,,
1,29999,,1.8745782375335693,1.8745782375335693,,,
1,30049,,2.7739598751068115,2.7739598751068115,,,
1,30099,,3.8264522552490234,3.8264522552490234,,,
1,30149,,4.88099479675293,4.88099479675293,,,
1,30199,,2.898055076599121,2.898055076599121,,,
1,30249,,2.8762567043304443,2.8762567043304443,,,
1,30299,,4.726469993591309,4.726469993591309,,,
1,30349,,3.610506057739258,3.610506057739258,,,
1,30399,,2.4787304401397705,2.4787304401397705,,,
1,30449,,3.926300048828125,3.926300048828125,,,
1,30499,,4.969066619873047,4.969066619873047,,,
1,30549,,3.3500232696533203,3.3500232696533203,,,
1,30599,,4.689853668212891,4.689853668212891,,,
1,30649,,3.931290864944458,3.931290864944458,,,
1,30699,,3.644024133682251,3.644024133682251,,,
1,30749,,3.3721542358398438,3.3721542358398438,,,
1,30799,,3.249223232269287,3.249223232269287,,,
1,30849,,3.186378002166748,3.186378002166748,,,
1,30899,,2.774764060974121,2.774764060974121,,,
1,30949,,3.933940887451172,3.933940887451172,,,
1,30999,,2.7598719596862793,2.7598719596862793,,,
1,31049,,2.846021890640259,2.846021890640259,,,
1,31099,,4.628711700439453,4.628711700439453,,,
1,31149,,5.461014747619629,5.461014747619629,,,
1,31199,,4.104305744171143,4.104305744171143,,,
1,31249,,4.7638750076293945,4.7638750076293945,,,
1,31299,,3.8875885009765625,3.8875885009765625,,,
1,31349,,3.37222957611084,3.37222957611084,,,
1,31399,,3.8718605041503906,3.8718605041503906,,,
1,31449,,2.286112070083618,2.286112070083618,,,
1,31499,,5.380008220672607,5.380008220672607,,,
1,31549,,3.0968282222747803,3.0968282222747803,,,
1,31599,,2.7989468574523926,2.7989468574523926,,,
1,31649,,2.8412864208221436,2.8412864208221436,,,
1,31699,,3.148219108581543,3.148219108581543,,,
1,31749,,4.018038749694824,4.018038749694824,,,
1,31799,,6.607115745544434,6.607115745544434,,,
1,31849,,2.2156383991241455,2.2156383991241455,,,
1,31899,,5.188906669616699,5.188906669616699,,,
1,31949,,3.126026153564453,3.126026153564453,,,
1,31999,,4.032781600952148,4.032781600952148,,,
1,32049,,6.00752592086792,6.00752592086792,,,
1,32099,,4.437063694000244,4.437063694000244,,,
1,32149,,4.335439682006836,4.335439682006836,,,
1,32199,,2.6487326622009277,2.6487326622009277,,,
1,32249,,5.04285192489624,5.04285192489624,,,
1,32299,,4.01222562789917,4.01222562789917,,,
1,32349,,3.0649406909942627,3.0649406909942627,,,
1,32399,,4.393745422363281,4.393745422363281,,,
1,32449,,3.5803117752075195,3.5803117752075195,,,
1,32499,,2.4851412773132324,2.4851412773132324,,,
1,32549,,2.1395695209503174,2.1395695209503174,,,
1,32599,,2.737738609313965,2.737738609313965,,,
1,32649,,2.9931282997131348,2.9931282997131348,,,
1,32699,,2.2045016288757324,2.2045016288757324,,,
1,32749,,3.703693151473999,3.703693151473999,,,
1,32799,,3.1053643226623535,3.1053643226623535,,,
1,32849,,3.136679172515869,3.136679172515869,,,
1,32899,,3.7132763862609863,3.7132763862609863,,,
1,32949,,1.5906063318252563,1.5906063318252563,,,
1,32999,,2.9896297454833984,2.9896297454833984,,,
1,33049,,2.706251621246338,2.706251621246338,,,
1,33099,,4.699246406555176,4.699246406555176,,,
1,33149,,4.237035751342773,4.237035751342773,,,
1,33199,,2.063157796859741,2.063157796859741,,,
1,33249,,3.626176357269287,3.626176357269287,,,
1,33299,,3.5397212505340576,3.5397212505340576,,,
1,33349,,3.0057756900787354,3.0057756900787354,,,
1,33399,,2.600285530090332,2.600285530090332,,,
1,33449,,3.539259433746338,3.539259433746338,,,
1,33499,,4.679051399230957,4.679051399230957,,,
1,33549,,3.35430908203125,3.35430908203125,,,
1,33599,,2.059359312057495,2.059359312057495,,,
1,33649,,2.2073354721069336,2.2073354721069336,,,
1,33699,,5.308501243591309,5.308501243591309,,,
1,33749,,3.504985809326172,3.504985809326172,,,
1,33799,,3.6635327339172363,3.6635327339172363,,,
1,33849,,2.4027020931243896,2.4027020931243896,,,
1,33899,,4.308764934539795,4.308764934539795,,,
1,33949,,2.8972010612487793,2.8972010612487793,,,
1,33999,,3.760124444961548,3.760124444961548,,,
1,34049,,4.677738666534424,4.677738666534424,,,
1,34099,,3.973763942718506,3.973763942718506,,,
1,34149,,4.077800750732422,4.077800750732422,,,
1,34199,,3.8833487033843994,3.8833487033843994,,,
1,34249,,2.839933156967163,2.839933156967163,,,
1,34299,,6.615196228027344,6.615196228027344,,,
1,34349,,2.528352975845337,2.528352975845337,,,
1,34399,,6.257465362548828,6.257465362548828,,,
1,34449,,4.285095691680908,4.285095691680908,,,
1,34499,,3.3283491134643555,3.3283491134643555,,,
1,34549,,6.2090349197387695,6.2090349197387695,,,
1,34599,,3.4782004356384277,3.4782004356384277,,,
1,34649,,2.2920804023742676,2.2920804023742676,,,
1,34699,,3.4498167037963867,3.4498167037963867,,,
1,34749,,3.3604230880737305,3.3604230880737305,,,
1,34799,,2.9967384338378906,2.9967384338378906,,,
1,34849,,4.398261547088623,4.398261547088623,,,
1,34899,,1.722953200340271,1.722953200340271,,,
1,34949,,5.872527122497559,5.872527122497559,,,
1,34999,,3.0567946434020996,3.0567946434020996,,,
1,35049,,2.327683687210083,2.327683687210083,,,
1,35099,,3.9709043502807617,3.9709043502807617,,,
1,35149,,2.7867398262023926,2.7867398262023926,,,
1,35199,,3.7371058464050293,3.7371058464050293,,,
1,35249,,4.682107448577881,4.682107448577881,,,
1,35299,,3.4903552532196045,3.4903552532196045,,,
1,35349,,2.086775779724121,2.086775779724121,,,
1,35399,,3.2966551780700684,3.2966551780700684,,,
1,35449,,3.717893600463867,3.717893600463867,,,
1,35499,,5.4366865158081055,5.4366865158081055,,,
1,35549,,5.618525505065918,5.618525505065918,,,
1,35599,,5.588236331939697,5.588236331939697,,,
1,35649,,5.045438289642334,5.045438289642334,,,
1,35699,,4.638072490692139,4.638072490692139,,,
1,35749,,2.9487111568450928,2.9487111568450928,,,
1,35799,,5.261929512023926,5.261929512023926,,,
1,35849,,2.6673922538757324,2.6673922538757324,,,
1,35899,,3.873103141784668,3.873103141784668,,,
1,35949,,5.150750160217285,5.150750160217285,,,
1,35999,,3.6048901081085205,3.6048901081085205,,,
1,36049,,4.733945846557617,4.733945846557617,,,
1,36099,,2.049001693725586,2.049001693725586,,,
1,36149,,3.7487945556640625,3.7487945556640625,,,
1,36199,,3.6185765266418457,3.6185765266418457,,,
1,36249,,3.184302806854248,3.184302806854248,,,
1,36299,,2.9825711250305176,2.9825711250305176,,,
1,36349,,3.40128493309021,3.40128493309021,,,
1,36399,,2.9122672080993652,2.9122672080993652,,,
1,36449,,3.2386889457702637,3.2386889457702637,,,
1,36499,,5.415295600891113,5.415295600891113,,,
1,36549,,4.577701568603516,4.577701568603516,,,
1,36599,,3.798081398010254,3.798081398010254,,,
1,36649,,3.276512384414673,3.276512384414673,,,
1,36699,,1.677592158317566,1.677592158317566,,,
1,36749,,3.8140645027160645,3.8140645027160645,,,
1,36799,,3.9158616065979004,3.9158616065979004,,,
1,36849,,4.583970069885254,4.583970069885254,,,
1,36899,,3.4764342308044434,3.4764342308044434,,,
1,36949,,3.8941309452056885,3.8941309452056885,,,
1,36999,,3.5089616775512695,3.5089616775512695,,,
1,37049,,4.53741455078125,4.53741455078125,,,
1,37099,,3.798642158508301,3.798642158508301,,,
1,37149,,4.038924694061279,4.038924694061279,,,
1,37199,,1.8515429496765137,1.8515429496765137,,,
1,37249,,3.672468662261963,3.672468662261963,,,
1,37299,,5.821091651916504,5.821091651916504,,,
1,37349,,3.428835153579712,3.428835153579712,,,
1,37399,,4.149667263031006,4.149667263031006,,,
1,37449,,4.31984281539917,4.31984281539917,,,
1,37499,,2.836468458175659,2.836468458175659,,,
1,37549,,3.89959716796875,3.89959716796875,,,
1,37599,,4.198382377624512,4.198382377624512,,,
1,37649,,3.4090020656585693,3.4090020656585693,,,
1,37699,,3.9391536712646484,3.9391536712646484,,,
1,37749,,3.557793140411377,3.557793140411377,,,
1,37799,,2.892695665359497,2.892695665359497,,,
1,37849,,5.70958948135376,5.70958948135376,,,
1,37899,,2.95833683013916,2.95833683013916,,,
1,37949,,3.0791079998016357,3.0791079998016357,,,
1,37999,,3.93552303314209,3.93552303314209,,,
1,38049,,4.419685363769531,4.419685363769531,,,
1,38099,,2.8140201568603516,2.8140201568603516,,,
1,38149,,3.364380359649658,3.364380359649658,,,
1,38199,,3.6918087005615234,3.6918087005615234,,,
1,38249,,5.8124518394470215,5.8124518394470215,,,
1,38299,,4.270473480224609,4.270473480224609,,,
1,38349,,4.5047173500061035,4.5047173500061035,,,
1,38399,,2.6192831993103027,2.6192831993103027,,,
1,38449,,4.068121433258057,4.068121433258057,,,
1,38499,,4.143886566162109,4.143886566162109,,,
1,38549,,3.1888842582702637,3.1888842582702637,,,
1,38599,,2.524338960647583,2.524338960647583,,,
1,38649,,2.273102045059204,2.273102045059204,,,
1,38699,,2.4781289100646973,2.4781289100646973,,,
1,38749,,1.4696940183639526,1.4696940183639526,,,
1,38799,,3.6684091091156006,3.6684091091156006,,,
1,38849,,3.9190449714660645,3.9190449714660645,,,
1,38899,,4.021820068359375,4.021820068359375,,,
1,38949,,4.963564872741699,4.963564872741699,,,
1,38999,,4.049139976501465,4.049139976501465,,,
1,39049,,3.362065076828003,3.362065076828003,,,
1,39099,,5.0978288650512695,5.0978288650512695,,,
1,39149,,2.457129716873169,2.457129716873169,,,
1,39199,,5.5032830238342285,5.5032830238342285,,,
1,39249,,3.4345788955688477,3.4345788955688477,,,
1,39299,,4.873990535736084,4.873990535736084,,,
1,39349,,4.010354995727539,4.010354995727539,,,
1,39399,,2.796685218811035,2.796685218811035,,,
1,39449,,3.0129647254943848,3.0129647254943848,,,
1,39499,,3.476250648498535,3.476250648498535,,,
1,39549,,2.8132176399230957,2.8132176399230957,,,
1,39599,,2.3442063331604004,2.3442063331604004,,,
1,39649,,4.560564994812012,4.560564994812012,,,
1,39699,,3.103672981262207,3.103672981262207,,,
1,39749,,3.114006996154785,3.114006996154785,,,
1,39799,,5.87005090713501,5.87005090713501,,,
1,39849,,4.055043697357178,4.055043697357178,,,
1,39899,,4.01297664642334,4.01297664642334,,,
1,39949,,3.2104671001434326,3.2104671001434326,,,
1,39999,,3.6177449226379395,3.6177449226379395,,,
1,40049,,4.687191486358643,4.687191486358643,,,
1,40099,,3.301126718521118,3.301126718521118,,,
1,40149,,3.308462142944336,3.308462142944336,,,
1,40199,,4.669615268707275,4.669615268707275,,,
1,40249,,4.521462917327881,4.521462917327881,,,
1,40299,,4.462952613830566,4.462952613830566,,,
1,40349,,2.627501964569092,2.627501964569092,,,
1,40399,,2.8569986820220947,2.8569986820220947,,,
1,40449,,3.1905741691589355,3.1905741691589355,,,
1,40499,,2.721940755844116,2.721940755844116,,,
1,40549,,2.2036101818084717,2.2036101818084717,,,
1,40599,,2.590031862258911,2.590031862258911,,,
1,40649,,3.641000509262085,3.641000509262085,,,
1,40699,,4.106199264526367,4.106199264526367,,,
1,40749,,2.426060438156128,2.426060438156128,,,
1,40799,,4.9061431884765625,4.9061431884765625,,,
1,40849,,2.6509881019592285,2.6509881019592285,,,
1,40899,,4.129673480987549,4.129673480987549,,,
1,40949,,1.929003119468689,1.929003119468689,,,
1,40999,,3.861237049102783,3.861237049102783,,,
1,41049,,3.1463963985443115,3.1463963985443115,,,
1,41099,,4.313149452209473,4.313149452209473,,,
1,41149,,3.1169631481170654,3.1169631481170654,,,
1,41199,,1.9212491512298584,1.9212491512298584,,,
1,41249,,3.9159610271453857,3.9159610271453857,,,
1,41299,,3.1596322059631348,3.1596322059631348,,,
1,41349,,3.9682998657226562,3.9682998657226562,,,
1,41399,,4.235579490661621,4.235579490661621,,,
1,41449,,2.1380765438079834,2.1380765438079834,,,
1,41499,,4.147124290466309,4.147124290466309,,,
1,41549,,3.475677013397217,3.475677013397217,,,
1,41599,,2.748676300048828,2.748676300048828,,,
1,41649,,5.63005256652832,5.63005256652832,,,
1,41699,,3.5630178451538086,3.5630178451538086,,,
1,41749,,3.180546522140503,3.180546522140503,,,
1,41799,,3.21525502204895,3.21525502204895,,,
1,41849,,3.4592247009277344,3.4592247009277344,,,
1,41899,,4.391634941101074,4.391634941101074,,,
1,41949,,3.1764421463012695,3.1764421463012695,,,
1,41999,,2.4388396739959717,2.4388396739959717,,,
1,42049,,4.441586017608643,4.441586017608643,,,
1,42099,,4.889569282531738,4.889569282531738,,,
1,42149,,3.5466456413269043,3.5466456413269043,,,
1,42199,,2.666004180908203,2.666004180908203,,,
1,42249,,3.502678394317627,3.502678394317627,,,
1,42299,,8.739700317382812,8.739700317382812,,,
1,42349,,3.2422890663146973,3.2422890663146973,,,
1,42399,,4.4136962890625,4.4136962890625,,,
1,42449,,2.742067337036133,2.742067337036133,,,
1,42499,,5.067239761352539,5.067239761352539,,,
1,42549,,3.2268502712249756,3.2268502712249756,,,
1,42599,,3.493894338607788,3.493894338607788,,,
1,42649,,2.3595309257507324,2.3595309257507324,,,
1,42699,,2.59865140914917,2.59865140914917,,,
1,42749,,3.904634952545166,3.904634952545166,,,
1,42799,,3.4315924644470215,3.4315924644470215,,,
1,42849,,3.182401180267334,3.182401180267334,,,
1,42899,,3.904262065887451,3.904262065887451,,,
1,42949,,3.373922348022461,3.373922348022461,,,
1,42999,,3.412498950958252,3.412498950958252,,,
1,43049,,4.006858825683594,4.006858825683594,,,
1,43099,,1.6991016864776611,1.6991016864776611,,,
1,43149,,4.440722465515137,4.440722465515137,,,
1,43199,,5.734900951385498,5.734900951385498,,,
1,43249,,2.7984061241149902,2.7984061241149902,,,
1,43299,,3.1914620399475098,3.1914620399475098,,,
1,43349,,4.2674150466918945,4.2674150466918945,,,
1,43399,,2.5832107067108154,2.5832107067108154,,,
1,43449,,2.239774227142334,2.239774227142334,,,
1,43499,,5.360278129577637,5.360278129577637,,,
1,43549,,2.4567315578460693,2.4567315578460693,,,
1,43599,,3.9808311462402344,3.9808311462402344,,,
1,43649,,3.24198317527771,3.24198317527771,,,
1,43699,,2.7558116912841797,2.7558116912841797,,,
1,43749,,3.332615375518799,3.332615375518799,,,
1,43799,,3.6756649017333984,3.6756649017333984,,,
1,43849,,2.2542598247528076,2.2542598247528076,,,
1,43899,,2.6697444915771484,2.6697444915771484,,,
1,43949,,2.927884578704834,2.927884578704834,,,
1,43999,,3.819150447845459,3.819150447845459,,,
1,44049,,2.758772373199463,2.758772373199463,,,
1,44099,,3.389512777328491,3.389512777328491,,,
1,44149,,3.6550300121307373,3.6550300121307373,,,
1,44199,,5.959566593170166,5.959566593170166,,,
1,44249,,2.559123992919922,2.559123992919922,,,
1,44299,,3.4222049713134766,3.4222049713134766,,,
1,44349,,2.1554808616638184,2.1554808616638184,,,
1,44399,,3.5880908966064453,3.5880908966064453,,,
1,44449,,1.7067584991455078,1.7067584991455078,,,
1,44499,,4.488423824310303,4.488423824310303,,,
1,44549,,3.602233409881592,3.602233409881592,,,
1,44599,,2.2931718826293945,2.2931718826293945,,,
1,44649,,3.006834030151367,3.006834030151367,,,
1,44699,,3.214606285095215,3.214606285095215,,,
1,44749,,4.534282684326172,4.534282684326172,,,
1,44799,,1.9375613927841187,1.9375613927841187,,,
1,44849,,4.8803277015686035,4.8803277015686035,,,
1,44899,,5.688366413116455,5.688366413116455,,,
1,44949,,4.107048034667969,4.107048034667969,,,
1,44999,,3.597012996673584,3.597012996673584,,,
1,45049,,2.585893154144287,2.585893154144287,,,
1,45099,,1.842030644416809,1.842030644416809,,,
1,45149,,1.3497471809387207,1.3497471809387207,,,
1,45199,,4.591245174407959,4.591245174407959,,,
1,45249,,3.2624151706695557,3.2624151706695557,,,
1,45299,,3.646228790283203,3.646228790283203,,,
1,45349,,3.5012030601501465,3.5012030601501465,,,
1,45399,,5.410782814025879,5.410782814025879,,,
1,45449,,2.6378908157348633,2.6378908157348633,,,
1,45499,,2.9931726455688477,2.9931726455688477,,,
1,45549,,4.238016128540039,4.238016128540039,,,
1,45599,,3.506464719772339,3.506464719772339,,,
1,45649,,3.454951286315918,3.454951286315918,,,
1,45699,,3.8174099922180176,3.8174099922180176,,,
1,45749,,5.692443370819092,5.692443370819092,,,
1,45799,,3.4070887565612793,3.4070887565612793,,,
1,45849,,3.858733654022217,3.858733654022217,,,
1,45899,,2.8607356548309326,2.8607356548309326,,,
1,45949,,3.5963053703308105,3.5963053703308105,,,
1,45999,,2.284250497817993,2.284250497817993,,,
1,46049,,1.2787120342254639,1.2787120342254639,,,
1,46099,,3.1635992527008057,3.1635992527008057,,,
1,46149,,3.4175946712493896,3.4175946712493896,,,
1,46199,,4.013952255249023,4.013952255249023,,,
1,46249,,3.9388914108276367,3.9388914108276367,,,
1,46299,,3.4301207065582275,3.4301207065582275,,,
1,46349,,2.6561543941497803,2.6561543941497803,,,
1,46399,,3.3221824169158936,3.3221824169158936,,,
1,46449,,2.6901159286499023,2.6901159286499023,,,
1,46499,,2.4509904384613037,2.4509904384613037,,,
1,46549,,4.592952251434326,4.592952251434326,,,
1,46599,,3.5327582359313965,3.5327582359313965,,,
1,46649,,3.112061023712158,3.112061023712158,,,
1,46699,,2.7940025329589844,2.7940025329589844,,,
1,46749,,10.362161636352539,10.362161636352539,,,
1,46799,,1.5944147109985352,1.5944147109985352,,,
1,46849,,3.765105724334717,3.765105724334717,,,
1,46899,,4.506424903869629,4.506424903869629,,,
1,46949,,2.8409674167633057,2.8409674167633057,,,
1,46999,,5.854737281799316,5.854737281799316,,,
1,47049,,4.288797378540039,4.288797378540039,,,
1,47099,,3.8855180740356445,3.8855180740356445,,,
1,47149,,1.3971160650253296,1.3971160650253296,,,
1,47199,,2.25836181640625,2.25836181640625,,,
1,47249,,2.7496206760406494,2.7496206760406494,,,
1,47299,,3.436589002609253,3.436589002609253,,,
1,47349,,4.381026744842529,4.381026744842529,,,
1,47399,,1.6474900245666504,1.6474900245666504,,,
1,47449,,4.251151084899902,4.251151084899902,,,
1,47499,,3.2239773273468018,3.2239773273468018,,,
1,47549,,4.6662211418151855,4.6662211418151855,,,
1,47599,,4.657014846801758,4.657014846801758,,,
1,47649,,4.175682067871094,4.175682067871094,,,
1,47699,,3.201054811477661,3.201054811477661,,,
1,47749,,5.127102375030518,5.127102375030518,,,
1,47799,,1.8787215948104858,1.8787215948104858,,,
1,47849,,4.2809224128723145,4.2809224128723145,,,
1,47899,,3.2385611534118652,3.2385611534118652,,,
1,47949,,1.5562419891357422,1.5562419891357422,,,
1,47999,,2.7385921478271484,2.7385921478271484,,,
1,47999,,,,3.4301371574401855,3.4301371574401855,3.4301371574401855
1,47999,3.5706570148468018,,,,,
2,48049,,3.1059045791625977,3.1059045791625977,,,
2,48099,,4.588747978210449,4.588747978210449,,,
2,48149,,2.3266332149505615,2.3266332149505615,,,
2,48199,,2.4766900539398193,2.4766900539398193,,,
2,48249,,3.0899338722229004,3.0899338722229004,,,
2,48299,,2.169691324234009,2.169691324234009,,,
2,48349,,2.650409460067749,2.650409460067749,,,
2,48399,,2.1492111682891846,2.1492111682891846,,,
2,48449,,3.9155397415161133,3.9155397415161133,,,
2,48499,,5.556008338928223,5.556008338928223,,,
2,48549,,3.3448033332824707,3.3448033332824707,,,
2,48599,,3.323885440826416,3.323885440826416,,,
2,48649,,2.343163251876831,2.343163251876831,,,
2,48699,,1.998730182647705,1.998730182647705,,,
2,48749,,4.442845344543457,4.442845344543457,,,
2,48799,,3.2340335845947266,3.2340335845947266,,,
2,48849,,2.2915220260620117,2.2915220260620117,,,
2,48899,,4.623226165771484,4.623226165771484,,,
2,48949,,3.489046812057495,3.489046812057495,,,
2,48999,,3.8616814613342285,3.8616814613342285,,,
2,49049,,3.2992217540740967,3.2992217540740967,,,
2,49099,,2.1171417236328125,2.1171417236328125,,,
2,49149,,4.414456367492676,4.414456367492676,,,
2,49199,,2.6553587913513184,2.6553587913513184,,,
2,49249,,2.906175136566162,2.906175136566162,,,
2,49299,,3.075721502304077,3.075721502304077,,,
2,49349,,2.58988356590271,2.58988356590271,,,
2,49399,,3.8675498962402344,3.8675498962402344,,,
2,49449,,3.0615344047546387,3.0615344047546387,,,
2,49499,,1.281029224395752,1.281029224395752,,,
2,49549,,3.6945080757141113,3.6945080757141113,,,
2,49599,,3.569164752960205,3.569164752960205,,,
2,49649,,2.711167573928833,2.711167573928833,,,
2,49699,,4.99854850769043,4.99854850769043,,,
2,49749,,1.9078062772750854,1.9078062772750854,,,
2,49799,,3.936483383178711,3.936483383178711,,,
2,49849,,4.005789756774902,4.005789756774902,,,
2,49899,,3.785210609436035,3.785210609436035,,,
2,49949,,3.8273894786834717,3.8273894786834717,,,
2,49999,,4.113127708435059,4.113127708435059,,,
2,50049,,3.8271448612213135,3.8271448612213135,,,
2,50099,,2.7406399250030518,2.7406399250030518,,,
2,50149,,3.021007537841797,3.021007537841797,,,
2,50199,,3.0953056812286377,3.0953056812286377,,,
2,50249,,3.135213613510132,3.135213613510132,,,
2,50299,,3.2709221839904785,3.2709221839904785,,,
2,50349,,2.671374559402466,2.671374559402466,,,
2,50399,,1.713472843170166,1.713472843170166,,,
2,50449,,3.611860513687134,3.611860513687134,,,
2,50499,,4.171230792999268,4.171230792999268,,,
2,50549,,2.4791998863220215,2.4791998863220215,,,
2,50599,,3.480403184890747,3.480403184890747,,,
2,50649,,4.6745829582214355,4.6745829582214355,,,
2,50699,,3.6433072090148926,3.6433072090148926,,,
2,50749,,2.470470428466797,2.470470428466797,,,
2,50799,,4.429797649383545,4.429797649383545,,,
2,50849,,2.815307855606079,2.815307855606079,,,
2,50899,,2.2113354206085205,2.2113354206085205,,,
2,50949,,3.1063106060028076,3.1063106060028076,,,
2,50999,,3.3840582370758057,3.3840582370758057,,,
2,51049,,2.148601531982422,2.148601531982422,,,
2,51099,,1.9681633710861206,1.9681633710861206,,,
2,51149,,2.753411293029785,2.753411293029785,,,
2,51199,,5.736591339111328,5.736591339111328,,,
2,51249,,3.676633834838867,3.676633834838867,,,
2,51299,,3.3589093685150146,3.3589093685150146,,,
2,51349,,2.1282715797424316,2.1282715797424316,,,
2,51399,,3.7398736476898193,3.7398736476898193,,,
2,51449,,2.4288008213043213,2.4288008213043213,,,
2,51499,,3.6282284259796143,3.6282284259796143,,,
2,51549,,3.1390180587768555,3.1390180587768555,,,
2,51599,,2.1497974395751953,2.1497974395751953,,,
2,51649,,4.52414608001709,4.52414608001709,,,
2,51699,,1.9628442525863647,1.9628442525863647,,,
2,51749,,3.085113286972046,3.085113286972046,,,
2,51799,,2.627702474594116,2.627702474594116,,,
2,51849,,2.0480146408081055,2.0480146408081055,,,
2,51899,,2.7605338096618652,2.7605338096618652,,,
2,51949,,3.470057487487793,3.470057487487793,,,
2,51999,,2.332563877105713,2.332563877105713,,,
2,52049,,2.960327386856079,2.960327386856079,,,
2,52099,,4.348708629608154,4.348708629608154,,,
2,52149,,3.9635157585144043,3.9635157585144043,,,
2,52199,,2.338651657104492,2.338651657104492,,,
2,52249,,4.539372444152832,4.539372444152832,,,
2,52299,,2.5425219535827637,2.5425219535827637,,,
2,52349,,2.544595718383789,2.544595718383789,,,
2,52399,,1.8502925634384155,1.8502925634384155,,,
2,52449,,2.675858497619629,2.675858497619629,,,
2,52499,,3.075721263885498,3.075721263885498,,,
2,52549,,4.033946990966797,4.033946990966797,,,
2,52599,,2.7975428104400635,2.7975428104400635,,,
2,52649,,3.5076475143432617,3.5076475143432617,,,
2,52699,,2.6737871170043945,2.6737871170043945,,,
2,52749,,3.4034600257873535,3.4034600257873535,,,
2,52799,,2.769599676132202,2.769599676132202,,,
2,52849,,2.105677604675293,2.105677604675293,,,
2,52899,,2.7448623180389404,2.7448623180389404,,,
2,52949,,2.875673770904541,2.875673770904541,,,
2,52999,,5.534361839294434,5.534361839294434,,,
2,53049,,2.6807615756988525,2.6807615756988525,,,
2,53099,,1.7000471353530884,1.7000471353530884,,,
2,53149,,2.9636383056640625,2.9636383056640625,,,
2,53199,,2.9297897815704346,2.9297897815704346,,,
2,53249,,2.9951114654541016,2.9951114654541016,,,
2,53299,,4.879302978515625,4.879302978515625,,,
2,53349,,4.726789474487305,4.726789474487305,,,
2,53399,,2.2872703075408936,2.2872703075408936,,,
2,53449,,4.034780025482178,4.034780025482178,,,
2,53499,,2.513110876083374,2.513110876083374,,,
2,53549,,4.602048873901367,4.602048873901367,,,
2,53599,,3.738056182861328,3.738056182861328,,,
2,53649,,3.74833345413208,3.74833345413208,,,
2,53699,,2.5118517875671387,2.5118517875671387,,,
2,53749,,1.594488501548767,1.594488501548767,,,
2,53799,,1.320471167564392,1.320471167564392,,,
2,53849,,1.0127980709075928,1.0127980709075928,,,
2,53899,,3.429558277130127,3.429558277130127,,,
2,53949,,2.6442599296569824,2.6442599296569824,,,
2,53999,,3.0068955421447754,3.0068955421447754,,,
2,54049,,4.74377965927124,4.74377965927124,,,
2,54099,,3.8397555351257324,3.8397555351257324,,,
2,54149,,3.3016932010650635,3.3016932010650635,,,
2,54199,,3.5789096355438232,3.5789096355438232,,,
2,54249,,4.585174560546875,4.585174560546875,,,
2,54299,,1.2392905950546265,1.2392905950546265,,,
2,54349,,2.976029396057129,2.976029396057129,,,
2,54399,,2.5157065391540527,2.5157065391540527,,,
2,54449,,2.515855550765991,2.515855550765991,,,
2,54499,,4.108362197875977,4.108362197875977,,,
2,54549,,1.9076521396636963,1.9076521396636963,,,
2,54599,,3.4208009243011475,3.4208009243011475,,,
2,54649,,1.5091614723205566,1.5091614723205566,,,
2,54699,,4.637197017669678,4.637197017669678,,,
2,54749,,2.8869447708129883,2.8869447708129883,,,
2,54799,,3.5054543018341064,3.5054543018341064,,,
2,54849,,3.5340824127197266,3.5340824127197266,,,
2,54899,,2.656954765319824,2.656954765319824,,,
2,54949,,3.3158035278320312,3.3158035278320312,,,
2,54999,,4.014660835266113,4.014660835266113,,,
2,55049,,3.787053108215332,3.787053108215332,,,
2,55099,,5.191628456115723,5.191628456115723,,,
2,55149,,5.870932579040527,5.870932579040527,,,
2,55199,,3.7991299629211426,3.7991299629211426,,,
2,55249,,2.598708391189575,2.598708391189575,,,
2,55299,,3.4561777114868164,3.4561777114868164,,,
2,55349,,2.217512369155884,2.217512369155884,,,
2,55399,,2.8207199573516846,2.8207199573516846,,,
2,55449,,1.2171659469604492,1.2171659469604492,,,
2,55499,,2.6466805934906006,2.6466805934906006,,,
2,55549,,2.859851837158203,2.859851837158203,,,
2,55599,,2.9280600547790527,2.9280600547790527,,,
2,55649,,3.1130928993225098,3.1130928993225098,,,
2,55699,,3.2004270553588867,3.2004270553588867,,,
2,55749,,3.2065436840057373,3.2065436840057373,,,
2,55799,,1.9980863332748413,1.9980863332748413,,,
2,55849,,3.568258285522461,3.568258285522461,,,
2,55899,,4.609344005584717,4.609344005584717,,,
2,55949,,1.6469742059707642,1.6469742059707642,,,
2,55999,,1.757249355316162,1.757249355316162,,,
2,56049,,3.404367446899414,3.404367446899414,,,
2,56099,,4.152034282684326,4.152034282684326,,,
2,56149,,4.209887981414795,4.209887981414795,,,
2,56199,,2.1939659118652344,2.1939659118652344,,,
2,56249,,2.5916836261749268,2.5916836261749268,,,
2,56299,,4.169073104858398,4.169073104858398,,,
2,56349,,4.534257411956787,4.534257411956787,,,
2,56399,,3.2472002506256104,3.2472002506256104,,,
2,56449,,3.6046128273010254,3.6046128273010254,,,
2,56499,,3.6790122985839844,3.6790122985839844,,,
2,56549,,3.130126953125,3.130126953125,,,
2,56599,,4.321207046508789,4.321207046508789,,,
2,56649,,1.7055978775024414,1.7055978775024414,,,
2,56699,,2.109431505203247,2.109431505203247,,,
2,56749,,2.791588306427002,2.791588306427002,,,
2,56799,,4.62421989440918,4.62421989440918,,,
2,56849,,3.588608741760254,3.588608741760254,,,
2,56899,,3.3453707695007324,3.3453707695007324,,,
2,56949,,1.1441766023635864,1.1441766023635864,,,
2,56999,,2.7322261333465576,2.7322261333465576,,,
2,57049,,4.322181701660156,4.322181701660156,,,
2,57099,,1.4431169033050537,1.4431169033050537,,,
2,57149,,3.5676631927490234,3.5676631927490234,,,
2,57199,,3.3127596378326416,3.3127596378326416,,,
2,57249,,3.4814841747283936,3.4814841747283936,,,
2,57299,,3.929131507873535,3.929131507873535,,,
2,57349,,3.9024479389190674,3.9024479389190674,,,
2,57399,,4.608213424682617,4.608213424682617,,,
2,57449,,3.228558301925659,3.228558301925659,,,
2,57499,,1.4158668518066406,1.4158668518066406,,,
2,57549,,2.3263869285583496,2.3263869285583496,,,
2,57599,,2.4384241104125977,2.4384241104125977,,,
2,57649,,3.1022937297821045,3.1022937297821045,,,
2,57699,,2.1718647480010986,2.1718647480010986,,,
2,57749,,5.826465606689453,5.826465606689453,,,
2,57799,,2.8839492797851562,2.8839492797851562,,,
2,57849,,1.037297248840332,1.037297248840332,,,
2,57899,,2.1688711643218994,2.1688711643218994,,,
2,57949,,3.0000951290130615,3.0000951290130615,,,
2,57999,,2.5359973907470703,2.5359973907470703,,,
2,58049,,4.140182018280029,4.140182018280029,,,
2,58099,,4.569510459899902,4.569510459899902,,,
2,58149,,4.449931621551514,4.449931621551514,,,
2,58199,,4.561622619628906,4.561622619628906,,,
2,58249,,3.1437792778015137,3.1437792778015137,,,
2,58299,,6.682348251342773,6.682348251342773,,,
2,58349,,1.9876294136047363,1.9876294136047363,,,
2,58399,,2.7261006832122803,2.7261006832122803,,,
2,58449,,4.88555383682251,4.88555383682251,,,
2,58499,,3.028970241546631,3.028970241546631,,,
2,58549,,2.530925989151001,2.530925989151001,,,
2,58599,,3.5177793502807617,3.5177793502807617,,,
2,58649,,2.163071870803833,2.163071870803833,,,
2,58699,,3.074758768081665,3.074758768081665,,,
2,58749,,2.7652957439422607,2.7652957439422607,,,
2,58799,,5.3216471672058105,5.3216471672058105,,,
2,58849,,1.3290252685546875,1.3290252685546875,,,
2,58899,,4.572437286376953,4.572437286376953,,,
2,58949,,3.993778705596924,3.993778705596924,,,
2,58999,,2.1809210777282715,2.1809210777282715,,,
2,59049,,4.847724914550781,4.847724914550781,,,
2,59099,,3.986056327819824,3.986056327819824,,,
2,59149,,3.5142273902893066,3.5142273902893066,,,
2,59199,,3.2246482372283936,3.2246482372283936,,,
2,59249,,4.223243713378906,4.223243713378906,,,
2,59299,,2.5602211952209473,2.5602211952209473,,,
2,59349,,3.2925729751586914,3.2925729751586914,,,
2,59399,,3.1269965171813965,3.1269965171813965,,,
2,59449,,3.157942533493042,3.157942533493042,,,
2,59499,,4.287653923034668,4.287653923034668,,,
2,59549,,5.084208965301514,5.084208965301514,,,
2,59599,,4.165309429168701,4.165309429168701,,,
2,59649,,3.149197816848755,3.149197816848755,,,
2,59699,,5.020331382751465,5.020331382751465,,,
2,59749,,2.2520387172698975,2.2520387172698975,,,
2,59799,,3.2112984657287598,3.2112984657287598,,,
2,59849,,2.35016131401062,2.35016131401062,,,
2,59899,,2.737548351287842,2.737548351287842,,,
2,59949,,2.499699115753174,2.499699115753174,,,
2,59999,,3.5552754402160645,3.5552754402160645,,,
2,60049,,1.720319390296936,1.720319390296936,,,
2,60099,,4.413094520568848,4.413094520568848,,,
2,60149,,3.170212984085083,3.170212984085083,,,
2,60199,,2.8160183429718018,2.8160183429718018,,,
2,60249,,1.3050265312194824,1.3050265312194824,,,
2,60299,,4.103055953979492,4.103055953979492,,,
2,60349,,2.801344871520996,2.801344871520996,,,
2,60399,,2.638031482696533,2.638031482696533,,,
2,60449,,2.3288931846618652,2.3288931846618652,,,
2,60499,,3.2297959327697754,3.2297959327697754,,,
2,60549,,3.1764678955078125,3.1764678955078125,,,
2,60599,,3.1460535526275635,3.1460535526275635,,,
2,60649,,5.04971170425415,5.04971170425415,,,
2,60699,,4.532976150512695,4.532976150512695,,,
2,60749,,3.2256202697753906,3.2256202697753906,,,
2,60799,,2.943725347518921,2.943725347518921,,,
2,60849,,5.597032070159912,5.597032070159912,,,
2,60899,,2.278316020965576,2.278316020965576,,,
2,60949,,0.5536556243896484,0.5536556243896484,,,
2,60999,,2.2871365547180176,2.2871365547180176,,,
2,61049,,2.489976406097412,2.489976406097412,,,
2,61099,,3.467315196990967,3.467315196990967,,,
2,61149,,3.8766019344329834,3.8766019344329834,,,
2,61199,,3.3192672729492188,3.3192672729492188,,,
2,61249,,3.867415189743042,3.867415189743042,,,
2,61299,,1.654052495956421,1.654052495956421,,,
2,61349,,1.3768835067749023,1.3768835067749023,,,
2,61399,,2.194397449493408,2.194397449493408,,,
2,61449,,2.794966220855713,2.794966220855713,,,
2,61499,,3.7276599407196045,3.7276599407196045,,,
2,61549,,2.2896838188171387,2.2896838188171387,,,
2,61599,,3.4615445137023926,3.4615445137023926,,,
2,61649,,4.1981401443481445,4.1981401443481445,,,
2,61699,,2.386829137802124,2.386829137802124,,,
2,61749,,5.337306976318359,5.337306976318359,,,
2,61799,,3.5180089473724365,3.5180089473724365,,,
2,61849,,2.1498923301696777,2.1498923301696777,,,
2,61899,,3.4315741062164307,3.4315741062164307,,,
2,61949,,3.173534870147705,3.173534870147705,,,
2,61999,,2.9942355155944824,2.9942355155944824,,,
2,62049,,3.1064538955688477,3.1064538955688477,,,
2,62099,,2.598623275756836,2.598623275756836,,,
2,62149,,2.9186089038848877,2.9186089038848877,,,
2,62199,,4.193455219268799,4.193455219268799,,,
2,62249,,2.394688606262207,2.394688606262207,,,
2,62299,,3.6842644214630127,3.6842644214630127,,,
2,62349,,4.563774108886719,4.563774108886719,,,
2,62399,,2.5025863647460938,2.5025863647460938,,,
2,62449,,3.840987205505371,3.840987205505371,,,
2,62499,,1.1547452211380005,1.1547452211380005,,,
2,62549,,4.580383777618408,4.580383777618408,,,
2,62599,,1.6831467151641846,1.6831467151641846,,,
2,62649,,3.203280210494995,3.203280210494995,,,
2,62699,,4.099524974822998,4.099524974822998,,,
2,62749,,2.6131744384765625,2.6131744384765625,,,
2,62799,,2.760716199874878,2.760716199874878,,,
2,62849,,2.7929065227508545,2.7929065227508545,,,
2,62899,,2.860105037689209,2.860105037689209,,,
2,62949,,4.333197116851807,4.333197116851807,,,
2,62999,,4.513986587524414,4.513986587524414,,,
2,63049,,3.1777660846710205,3.1777660846710205,,,
2,63099,,2.846818685531616,2.846818685531616,,,
2,63149,,4.156622409820557,4.156622409820557,,,
2,63199,,4.031522274017334,4.031522274017334,,,
2,63249,,3.3698997497558594,3.3698997497558594,,,
2,63299,,2.497952461242676,2.497952461242676,,,
2,63349,,6.194633960723877,6.194633960723877,,,
2,63399,,3.567877769470215,3.567877769470215,,,
2,63449,,4.109984874725342,4.109984874725342,,,
2,63499,,2.8609626293182373,2.8609626293182373,,,
2,63549,,3.1222312450408936,3.1222312450408936,,,
2,63599,,2.317415952682495,2.317415952682495,,,
2,63649,,2.8941125869750977,2.8941125869750977,,,
2,63699,,5.96968936920166,5.96968936920166,,,
2,63749,,2.5107133388519287,2.5107133388519287,,,
2,63799,,1.5781842470169067,1.5781842470169067,,,
2,63849,,3.9538421630859375,3.9538421630859375,,,
2,63899,,2.8450875282287598,2.8450875282287598,,,
2,63949,,3.057412624359131,3.057412624359131,,,
2,63999,,2.099932909011841,2.099932909011841,,,
2,64049,,2.4958932399749756,2.4958932399749756,,,
2,64099,,2.2336411476135254,2.2336411476135254,,,
2,64149,,3.6094961166381836,3.6094961166381836,,,
2,64199,,3.2563140392303467,3.2563140392303467,,,
2,64249,,3.182699680328369,3.182699680328369,,,
2,64299,,3.597093343734741,3.597093343734741,,,
2,64349,,2.139310121536255,2.139310121536255,,,
2,64399,,2.0201022624969482,2.0201022624969482,,,
2,64449,,3.3372626304626465,3.3372626304626465,,,
2,64499,,1.9623370170593262,1.9623370170593262,,,
2,64549,,3.959791660308838,3.959791660308838,,,
2,64599,,3.1672792434692383,3.1672792434692383,,,
2,64649,,3.6496922969818115,3.6496922969818115,,,
2,64699,,3.872204542160034,3.872204542160034,,,
2,64749,,4.394399166107178,4.394399166107178,,,
2,64799,,3.388134241104126,3.388134241104126,,,
2,64849,,3.3579487800598145,3.3579487800598145,,,
2,64899,,5.080732822418213,5.080732822418213,,,
2,64949,,3.01351261138916,3.01351261138916,,,
2,64999,,5.186180591583252,5.186180591583252,,,
2,65049,,2.672628402709961,2.672628402709961,,,
2,65099,,3.6413333415985107,3.6413333415985107,,,
2,65149,,4.537417411804199,4.537417411804199,,,
2,65199,,2.4721903800964355,2.4721903800964355,,,
2,65249,,4.851805686950684,4.851805686950684,,,
2,65299,,4.536370754241943,4.536370754241943,,,
2,65349,,3.9840776920318604,3.9840776920318604,,,
2,65399,,1.910143256187439,1.910143256187439,,,
2,65449,,2.003711700439453,2.003711700439453,,,
2,65499,,2.8247785568237305,2.8247785568237305,,,
2,65549,,3.4072771072387695,3.4072771072387695,,,
2,65599,,3.13779354095459,3.13779354095459,,,
2,65649,,5.284002304077148,5.284002304077148,,,
2,65699,,2.8566858768463135,2.8566858768463135,,,
2,65749,,2.627004861831665,2.627004861831665,,,
2,65799,,2.4291388988494873,2.4291388988494873,,,
2,65849,,2.7182257175445557,2.7182257175445557,,,
2,65899,,2.464463710784912,2.464463710784912,,,
2,65949,,1.7784217596054077,1.7784217596054077,,,
2,65999,,3.264314651489258,3.264314651489258,,,
2,66049,,1.7083213329315186,1.7083213329315186,,,
2,66099,,3.1654367446899414,3.1654367446899414,,,
2,66149,,4.876734733581543,4.876734733581543,,,
2,66199,,4.660876750946045,4.660876750946045,,,
2,66249,,2.845745086669922,2.845745086669922,,,
2,66299,,3.7425613403320312,3.7425613403320312,,,
2,66349,,1.6208592653274536,1.6208592653274536,,,
2,66399,,2.035888671875,2.035888671875,,,
2,66449,,3.4368841648101807,3.4368841648101807,,,
2,66499,,3.5314905643463135,3.5314905643463135,,,
2,66549,,1.3464752435684204,1.3464752435684204,,,
2,66599,,2.6884002685546875,2.6884002685546875,,,
2,66649,,2.2790534496307373,2.2790534496307373,,,
2,66699,,4.694629669189453,4.694629669189453,,,
2,66749,,3.5670032501220703,3.5670032501220703,,,
2,66799,,3.859994411468506,3.859994411468506,,,
2,66849,,1.780203938484192,1.780203938484192,,,
2,66899,,3.877941370010376,3.877941370010376,,,
2,66949,,3.303623914718628,3.303623914718628,,,
2,66999,,4.653144359588623,4.653144359588623,,,
2,67049,,1.2096223831176758,1.2096223831176758,,,
2,67099,,3.6326441764831543,3.6326441764831543,,,
2,67149,,2.5151302814483643,2.5151302814483643,,,
2,67199,,3.87837553024292,3.87837553024292,,,
2,67249,,1.987756609916687,1.987756609916687,,,
2,67299,,3.936265468597412,3.936265468597412,,,
2,67349,,2.135770797729492,2.135770797729492,,,
2,67399,,5.124260902404785,5.124260902404785,,,
2,67449,,3.7043542861938477,3.7043542861938477,,,
2,67499,,1.5794081687927246,1.5794081687927246,,,
2,67549,,3.33174467086792,3.33174467086792,,,
2,67599,,2.234346628189087,2.234346628189087,,,
2,67649,,3.495978355407715,3.495978355407715,,,
2,67699,,3.0970706939697266,3.0970706939697266,,,
2,67749,,5.027835845947266,5.027835845947266,,,
2,67799,,6.447052001953125,6.447052001953125,,,
2,67849,,4.388404846191406,4.388404846191406,,,
2,67899,,3.3953511714935303,3.3953511714935303,,,
2,67949,,2.1354658603668213,2.1354658603668213,,,
2,67999,,4.070126533508301,4.070126533508301,,,
2,68049,,3.9543848037719727,3.9543848037719727,,,
2,68099,,5.434666633605957,5.434666633605957,,,
2,68149,,3.349946975708008,3.349946975708008,,,
2,68199,,2.7014267444610596,2.7014267444610596,,,
2,68249,,4.349534034729004,4.349534034729004,,,
2,68299,,3.029698371887207,3.029698371887207,,,
2,68349,,2.4535932540893555,2.4535932540893555,,,
2,68399,,4.240954875946045,4.240954875946045,,,
2,68449,,4.618470191955566,4.618470191955566,,,
2,68499,,3.8228302001953125,3.8228302001953125,,,
2,68549,,4.742340564727783,4.742340564727783,,,
2,68599,,2.9484200477600098,2.9484200477600098,,,
2,68649,,2.4703049659729004,2.4703049659729004,,,
2,68699,,4.500959396362305,4.500959396362305,,,
2,68749,,2.3430402278900146,2.3430402278900146,,,
2,68799,,3.6984143257141113,3.6984143257141113,,,
2,68849,,3.557325839996338,3.557325839996338,,,
2,68899,,3.222261905670166,3.222261905670166,,,
2,68949,,4.311761856079102,4.311761856079102,,,
2,68999,,2.7475218772888184,2.7475218772888184,,,
2,69049,,3.2422122955322266,3.2422122955322266,,,
2,69099,,3.8030779361724854,3.8030779361724854,,,
2,69149,,1.6853067874908447,1.6853067874908447,,,
2,69199,,3.2438547611236572,3.2438547611236572,,,
2,69249,,2.8671231269836426,2.8671231269836426,,,
2,69299,,3.206181287765503,3.206181287765503,,,
2,69349,,3.6823835372924805,3.6823835372924805,,,
2,69399,,2.0144243240356445,2.0144243240356445,,,
2,69449,,2.1282877922058105,2.1282877922058105,,,
2,69499,,2.258755683898926,2.258755683898926,,,
2,69549,,1.3158819675445557,1.3158819675445557,,,
2,69599,,3.8566715717315674,3.8566715717315674,,,
2,69649,,4.527743339538574,4.527743339538574,,,
2,69699,,3.029191017150879,3.029191017150879,,,
2,69749,,3.993025302886963,3.993025302886963,,,
2,69799,,5.768311500549316,5.768311500549316,,,
2,69849,,2.559004306793213,2.559004306793213,,,
2,69899,,5.390986442565918,5.390986442565918,,,
2,69949,,1.0224887132644653,1.0224887132644653,,,
2,69999,,3.7738075256347656,3.7738075256347656,,,
2,70049,,2.74180269241333,2.74180269241333,,,
2,70099,,3.455836296081543,3.455836296081543,,,
2,70149,,1.9091790914535522,1.9091790914535522,,,
2,70199,,2.832040786743164,2.832040786743164,,,
2,70249,,1.93390953540802,1.93390953540802,,,
2,70299,,2.8743984699249268,2.8743984699249268,,,
2,70349,,3.4160990715026855,3.4160990715026855,,,
2,70399,,1.776686429977417,1.776686429977417,,,
2,70449,,3.905090570449829,3.905090570449829,,,
2,70499,,3.5850627422332764,3.5850627422332764,,,
2,70549,,3.598633050918579,3.598633050918579,,,
2,70599,,2.5989696979522705,2.5989696979522705,,,
2,70649,,2.1974031925201416,2.1974031925201416,,,
2,70699,,4.054691314697266,4.054691314697266,,,
2,70749,,4.26833438873291,4.26833438873291,,,
2,70799,,4.954844951629639,4.954844951629639,,,
2,70849,,2.7917377948760986,2.7917377948760986,,,
2,70899,,3.9737749099731445,3.9737749099731445,,,
2,70949,,3.7006187438964844,3.7006187438964844,,,
2,70999,,2.7057058811187744,2.7057058811187744,,,
2,71049,,3.82517147064209,3.82517147064209,,,
2,71099,,3.1816565990448,3.1816565990448,,,
2,71149,,2.769561767578125,2.769561767578125,,,
2,71199,,3.4288105964660645,3.4288105964660645,,,
2,71249,,2.339674711227417,2.339674711227417,,,
2,71299,,1.1337339878082275,1.1337339878082275,,,
2,71349,,3.5618300437927246,3.5618300437927246,,,
2,71399,,3.446923017501831,3.446923017501831,,,
2,71449,,3.9355082511901855,3.9355082511901855,,,
2,71499,,3.823359489440918,3.823359489440918,,,
2,71549,,4.109076023101807,4.109076023101807,,,
2,71599,,2.1108312606811523,2.1108312606811523,,,
2,71649,,3.2273550033569336,3.2273550033569336,,,
2,71699,,3.340672254562378,3.340672254562378,,,
2,71749,,3.7828869819641113,3.7828869819641113,,,
2,71799,,4.024390697479248,4.024390697479248,,,
2,71849,,5.710079193115234,5.710079193115234,,,
2,71899,,2.356306791305542,2.356306791305542,,,
2,71949,,2.561352014541626,2.561352014541626,,,
2,71999,,5.214439868927002,5.214439868927002,,,
2,71999,,,,3.242434024810791,3.242434024810791,3.24243426322937
2,71999,3.2200756072998047,,,,,
3,72049,,3.861595869064331,3.861595869064331,,,
3,72099,,2.5647599697113037,2.5647599697113037,,,
3,72149,,2.199122428894043,2.199122428894043,,,
3,72199,,3.762357711791992,3.762357711791992,,,
3,72249,,0.656599223613739,0.656599223613739,,,
3,72299,,4.111083984375,4.111083984375,,,
3,72349,,5.826448440551758,5.826448440551758,,,
3,72399,,2.884709596633911,2.884709596633911,,,
3,72449,,2.0993168354034424,2.0993168354034424,,,
3,72499,,1.0679970979690552,1.0679970979690552,,,
3,72549,,2.516730546951294,2.516730546951294,,,
3,72599,,3.5135631561279297,3.5135631561279297,,,
3,72649,,2.9392664432525635,2.9392664432525635,,,
3,72699,,1.1965938806533813,1.1965938806533813,,,
3,72749,,3.088991641998291,3.088991641998291,,,
3,72799,,2.9248480796813965,2.9248480796813965,,,
3,72849,,4.628045082092285,4.628045082092285,,,
3,72899,,3.2523796558380127,3.2523796558380127,,,
3,72949,,2.0021750926971436,2.0021750926971436,,,
3,72999,,3.8619933128356934,3.8619933128356934,,,
3,73049,,2.061772346496582,2.061772346496582,,,
3,73099,,1.450620174407959,1.450620174407959,,,
3,73149,,2.9285264015197754,2.9285264015197754,,,
3,73199,,1.9138283729553223,1.9138283729553223,,,
3,73249,,3.4770801067352295,3.4770801067352295,,,
3,73299,,3.5368638038635254,3.5368638038635254,,,
3,73349,,3.266744613647461,3.266744613647461,,,
3,73399,,2.1383750438690186,2.1383750438690186,,,
3,73449,,4.0451765060424805,4.0451765060424805,,,
3,73499,,2.2740964889526367,2.2740964889526367,,,
3,73549,,4.1717424392700195,4.1717424392700195,,,
3,73599,,2.418177366256714,2.418177366256714,,,
3,73649,,2.7486302852630615,2.7486302852630615,,,
3,73699,,3.7785494327545166,3.7785494327545166,,,
3,73749,,2.760302782058716,2.760302782058716,,,
3,73799,,3.4255950450897217,3.4255950450897217,,,
3,73849,,4.047022342681885,4.047022342681885,,,
3,73899,,2.5475735664367676,2.5475735664367676,,,
3,73949,,3.8277535438537598,3.8277535438537598,,,
3,73999,,2.79597544670105,2.79597544670105,,,
3,74049,,4.091075897216797,4.091075897216797,,,
3,74099,,3.48250675201416,3.48250675201416,,,
3,74149,,2.9044644832611084,2.9044644832611084,,,
3,74199,,1.8116766214370728,1.8116766214370728,,,
3,74249,,6.302799224853516,6.302799224853516,,,
3,74299,,3.8434438705444336,3.8434438705444336,,,
3,74349,,1.915571928024292,1.915571928024292,,,
3,74399,,3.9208309650421143,3.9208309650421143,,,
3,74449,,2.4867117404937744,2.4867117404937744,,,
3,74499,,3.634352684020996,3.634352684020996,,,
3,74549,,3.1410365104675293,3.1410365104675293,,,
3,74599,,3.045414447784424,3.045414447784424,,,
3,74649,,2.8317461013793945,2.8317461013793945,,,
3,74699,,3.0268139839172363,3.0268139839172363,,,
3,74749,,1.9852057695388794,1.9852057695388794,,,
3,74799,,2.3788836002349854,2.3788836002349854,,,
3,74849,,1.188826560974121,1.188826560974121,,,
3,74899,,4.9509077072143555,4.9509077072143555,,,
3,74949,,3.0719504356384277,3.0719504356384277,,,
3,74999,,1.9056257009506226,1.9056257009506226,,,
3,75049,,1.9135065078735352,1.9135065078735352,,,
3,75099,,3.301023244857788,3.301023244857788,,,
3,75149,,1.9254204034805298,1.9254204034805298,,,
3,75199,,2.9004011154174805,2.9004011154174805,,,
3,75249,,4.765172004699707,4.765172004699707,,,
3,75299,,5.175106048583984,5.175106048583984,,,
3,75349,,3.1575093269348145,3.1575093269348145,,,
3,75399,,2.528961420059204,2.528961420059204,,,
3,75449,,1.9913010597229004,1.9913010597229004,,,
3,75499,,2.428375244140625,2.428375244140625,,,
3,75549,,3.6255834102630615,3.6255834102630615,,,
3,75599,,1.9607230424880981,1.9607230424880981,,,
3,75649,,4.08747673034668,4.08747673034668,,,
3,75699,,2.333791732788086,2.333791732788086,,,
3,75749,,4.813315391540527,4.813315391540527,,,
3,75799,,3.1159050464630127,3.1159050464630127,,,
3,75849,,5.257987976074219,5.257987976074219,,,
3,75899,,0.08861824870109558,0.08861824870109558,,,
3,75949,,1.544922113418579,1.544922113418579,,,
3,75999,,2.449773073196411,2.449773073196411,,,
3,76049,,3.594369411468506,3.594369411468506,,,
3,76099,,2.8114237785339355,2.8114237785339355,,,
3,76149,,1.2857091426849365,1.2857091426849365,,,
3,76199,,2.7361443042755127,2.7361443042755127,,,
3,76249,,3.617410182952881,3.617410182952881,,,
3,76299,,4.992182731628418,4.992182731628418,,,
3,76349,,2.1622886657714844,2.1622886657714844,,,
3,76399,,2.8410604000091553,2.8410604000091553,,,
3,76449,,4.722384452819824,4.722384452819824,,,
3,76499,,1.5037182569503784,1.5037182569503784,,,
3,76549,,1.6293652057647705,1.6293652057647705,,,
3,76599,,3.425318956375122,3.425318956375122,,,
3,76649,,4.575608253479004,4.575608253479004,,,
3,76699,,3.1062543392181396,3.1062543392181396,,,
3,76749,,0.20455016195774078,0.20455016195774078,,,
3,76799,,2.0145103931427,2.0145103931427,,,
3,76849,,2.8350579738616943,2.8350579738616943,,,
3,76899,,2.223562717437744,2.223562717437744,,,
3,76949,,2.142634391784668,2.142634391784668,,,
3,76999,,1.218263864517212,1.218263864517212,,,
3,77049,,3.31253981590271,3.31253981590271,,,
3,77099,,2.1101202964782715,2.1101202964782715,,,
3,77149,,4.358440399169922,4.358440399169922,,,
3,77199,,3.6649179458618164,3.6649179458618164,,,
3,77249,,2.110032558441162,2.110032558441162,,,
3,77299,,3.9142720699310303,3.9142720699310303,,,
3,77349,,2.3479156494140625,2.3479156494140625,,,
3,77399,,3.499983310699463,3.499983310699463,,,
3,77449,,2.797234058380127,2.797234058380127,,,
3,77499,,2.718050479888916,2.718050479888916,,,
3,77549,,2.515935182571411,2.515935182571411,,,
3,77599,,1.1915055513381958,1.1915055513381958,,,
3,77649,,3.8483545780181885,3.8483545780181885,,,
3,77699,,2.2515437602996826,2.2515437602996826,,,
3,77749,,1.2477638721466064,1.2477638721466064,,,
3,77799,,3.0914149284362793,3.0914149284362793,,,
3,77849,,4.376536846160889,4.376536846160889,,,
3,77899,,6.282785415649414,6.282785415649414,,,
3,77949,,3.625171184539795,3.625171184539795,,,
3,77999,,2.211092710494995,2.211092710494995,,,
3,78049,,2.4045639038085938,2.4045639038085938,,,
3,78099,,3.0300421714782715,3.0300421714782715,,,
3,78149,,4.881369590759277,4.881369590759277,,,
3,78199,,3.642521381378174,3.642521381378174,,,
3,78249,,1.5360453128814697,1.5360453128814697,,,
3,78299,,1.9734687805175781,1.9734687805175781,,,
3,78349,,5.166048049926758,5.166048049926758,,,
3,78399,,2.061850070953369,2.061850070953369,,,
3,78449,,3.36275053024292,3.36275053024292,,,
3,78499,,2.3652403354644775,2.3652403354644775,,,
3,78549,,3.495736598968506,3.495736598968506,,,
3,78599,,4.691202163696289,4.691202163696289,,,
3,78649,,2.1516098976135254,2.1516098976135254,,,
3,78699,,2.2148654460906982,2.2148654460906982,,,
3,78749,,3.390550374984741,3.390550374984741,,,
3,78799,,3.428499937057495,3.428499937057495,,,
3,78849,,2.2823197841644287,2.2823197841644287,,,
3,78899,,1.451314091682434,1.451314091682434,,,
3,78949,,2.22422194480896,2.22422194480896,,,
3,78999,,3.8644113540649414,3.8644113540649414,,,
3,79049,,3.0621378421783447,3.0621378421783447,,,
3,79099,,2.1434566974639893,2.1434566974639893,,,
3,79149,,2.9474804401397705,2.9474804401397705,,,
3,79199,,2.053415536880493,2.053415536880493,,,
3,79249,,3.641918659210205,3.641918659210205,,,
3,79299,,2.385500431060791,2.385500431060791,,,
3,79349,,1.7895498275756836,1.7895498275756836,,,
3,79399,,3.865847110748291,3.865847110748291,,,
3,79449,,2.7389283180236816,2.7389283180236816,,,
3,79499,,1.5702159404754639,1.5702159404754639,,,
3,79549,,3.82541561126709,3.82541561126709,,,
3,79599,,2.949366569519043,2.949366569519043,,,
3,79649,,2.557173252105713,2.557173252105713,,,
3,79699,,6.728529453277588,6.728529453277588,,,
3,79749,,3.7477431297302246,3.7477431297302246,,,
3,79799,,1.333535075187683,1.333535075187683,,,
3,79849,,1.5142477750778198,1.5142477750778198,,,
3,79899,,2.776451587677002,2.776451587677002,,,
3,79949,,3.436641216278076,3.436641216278076,,,
3,79999,,3.0813372135162354,3.0813372135162354,,,
3,80049,,2.660120725631714,2.660120725631714,,,
3,80099,,3.393866777420044,3.393866777420044,,,
3,80149,,2.509436845779419,2.509436845779419,,,
3,80199,,3.6257948875427246,3.6257948875427246,,,
3,80249,,2.577908754348755,2.577908754348755,,,
3,80299,,2.067504405975342,2.067504405975342,,,
3,80349,,2.4861366748809814,2.4861366748809814,,,
3,80399,,2.8964338302612305,2.8964338302612305,,,
3,80449,,2.900730848312378,2.900730848312378,,,
3,80499,,2.7442023754119873,2.7442023754119873,,,
3,80549,,3.4775490760803223,3.4775490760803223,,,
3,80599,,0.6431176662445068,0.6431176662445068,,,
3,80649,,3.6946804523468018,3.6946804523468018,,,
3,80699,,1.546021819114685,1.546021819114685,,,
3,80749,,1.6653923988342285,1.6653923988342285,,,
3,80799,,4.929117679595947,4.929117679595947,,,
3,80849,,2.9437899589538574,2.9437899589538574,,,
3,80899,,1.6917046308517456,1.6917046308517456,,,
3,80949,,2.658425807952881,2.658425807952881,,,
3,80999,,3.8787851333618164,3.8787851333618164,,,
3,81049,,3.472588539123535,3.472588539123535,,,
3,81099,,3.5126824378967285,3.5126824378967285,,,
3,81149,,1.6599414348602295,1.6599414348602295,,,
3,81199,,4.301507949829102,4.301507949829102,,,
3,81249,,3.4866862297058105,3.4866862297058105,,,
3,81299,,1.1031631231307983,1.1031631231307983,,,
3,81349,,0.517122745513916,0.517122745513916,,,
3,81399,,3.4669554233551025,3.4669554233551025,,,
3,81449,,2.3635475635528564,2.3635475635528564,,,
3,81499,,3.9701266288757324,3.9701266288757324,,,
3,81549,,3.185635566711426,3.185635566711426,,,
3,81599,,2.922388792037964,2.922388792037964,,,
3,81649,,2.1166062355041504,2.1166062355041504,,,
3,81699,,3.1575448513031006,3.1575448513031006,,,
3,81749,,2.815368890762329,2.815368890762329,,,
3,81799,,2.4693217277526855,2.4693217277526855,,,
3,81849,,3.2754135131835938,3.2754135131835938,,,
3,81899,,2.406679630279541,2.406679630279541,,,
3,81949,,3.609858512878418,3.609858512878418,,,
3,81999,,3.950441360473633,3.950441360473633,,,
3,82049,,3.358157157897949,3.358157157897949,,,
3,82099,,4.071053504943848,4.071053504943848,,,
3,82149,,4.373257637023926,4.373257637023926,,,
3,82199,,2.1559481620788574,2.1559481620788574,,,
3,82249,,2.1149563789367676,2.1149563789367676,,,
3,82299,,3.089916944503784,3.089916944503784,,,
3,82349,,3.2261013984680176,3.2261013984680176,,,
3,82399,,0.8557389378547668,0.8557389378547668,,,
3,82449,,0.28767067193984985,0.28767067193984985,,,
3,82499,,3.0356030464172363,3.0356030464172363,,,
3,82549,,3.915700912475586,3.915700912475586,,,
3,82599,,0.8780201077461243,0.8780201077461243,,,
3,82649,,1.7416512966156006,1.7416512966156006,,,
3,82699,,2.8344762325286865,2.8344762325286865,,,
3,82749,,1.2163100242614746,1.2163100242614746,,,
3,82799,,1.1602953672409058,1.1602953672409058,,,
3,82849,,3.349158763885498,3.349158763885498,,,
3,82899,,1.295328974723816,1.295328974723816,,,
3,82949,,2.776563882827759,2.776563882827759,,,
3,82999,,3.0914032459259033,3.0914032459259033,,,
3,83049,,2.214081287384033,2.214081287384033,,,
3,83099,,3.4119324684143066,3.4119324684143066,,,
3,83149,,3.181835412979126,3.181835412979126,,,
3,83199,,1.2972570657730103,1.2972570657730103,,,
3,83249,,2.9024128913879395,2.9024128913879395,,,
3,83299,,1.3055155277252197,1.3055155277252197,,,
3,83349,,3.3859314918518066,3.3859314918518066,,,
3,83399,,3.2266674041748047,3.2266674041748047,,,
3,83449,,1.965943694114685,1.965943694114685,,,
3,83499,,3.8080806732177734,3.8080806732177734,,,
3,83549,,1.6424740552902222,1.6424740552902222,,,
3,83599,,2.471057176589966,2.471057176589966,,,
3,83649,,2.6355106830596924,2.6355106830596924,,,
3,83699,,1.816111445426941,1.816111445426941,,,
3,83749,,3.5926034450531006,3.5926034450531006,,,
3,83799,,3.043816089630127,3.043816089630127,,,
3,83849,,1.3691837787628174,1.3691837787628174,,,
3,83899,,0.3693211078643799,0.3693211078643799,,,
3,83949,,2.9931366443634033,2.9931366443634033,,,
3,83999,,2.8725106716156006,2.8725106716156006,,,
3,84049,,4.0825700759887695,4.0825700759887695,,,
3,84099,,3.0481059551239014,3.0481059551239014,,,
3,84149,,1.7704153060913086,1.7704153060913086,,,
3,84199,,1.1971802711486816,1.1971802711486816,,,
3,84249,,1.5598329305648804,1.5598329305648804,,,
3,84299,,3.3048532009124756,3.3048532009124756,,,
3,84349,,2.9016106128692627,2.9016106128692627,,,
3,84399,,2.5358781814575195,2.5358781814575195,,,
3,84449,,3.697299003601074,3.697299003601074,,,
3,84499,,4.642884254455566,4.642884254455566,,,
3,84549,,4.520643711090088,4.520643711090088,,,
3,84599,,2.1513733863830566,2.1513733863830566,,,
3,84649,,2.946763038635254,2.946763038635254,,,
3,84699,,2.1678357124328613,2.1678357124328613,,,
3,84749,,1.423335313796997,1.423335313796997,,,
3,84799,,4.865576267242432,4.865576267242432,,,
3,84849,,2.809394359588623,2.809394359588623,,,
3,84899,,2.1401288509368896,2.1401288509368896,,,
3,84949,,1.7019463777542114,1.7019463777542114,,,
3,84999,,1.548527717590332,1.548527717590332,,,
3,85049,,2.852733612060547,2.852733612060547,,,
3,85099,,3.5989513397216797,3.5989513397216797,,,
3,85149,,4.311070442199707,4.311070442199707,,,
3,85199,,3.0077593326568604,3.0077593326568604,,,
3,85249,,2.715214490890503,2.715214490890503,,,
3,85299,,3.8009045124053955,3.8009045124053955,,,
3,85349,,2.73427677154541,2.73427677154541,,,
3,85399,,1.9998904466629028,1.9998904466629028,,,
3,85449,,3.197453498840332,3.197453498840332,,,
3,85499,,3.128835678100586,3.128835678100586,,,
3,85549,,1.9470937252044678,1.9470937252044678,,,
3,85599,,3.518300771713257,3.518300771713257,,,
3,85649,,4.156785488128662,4.156785488128662,,,
3,85699,,4.539412498474121,4.539412498474121,,,
3,85749,,1.689261555671692,1.689261555671692,,,
3,85799,,3.2773795127868652,3.2773795127868652,,,
3,85849,,2.5045037269592285,2.5045037269592285,,,
3,85899,,2.5017080307006836,2.5017080307006836,,,
3,85949,,1.5448633432388306,1.5448633432388306,,,
3,85999,,2.868485450744629,2.868485450744629,,,
3,86049,,2.906214475631714,2.906214475631714,,,
3,86099,,3.5593507289886475,3.5593507289886475,,,
3,86149,,2.8521928787231445,2.8521928787231445,,,
3,86199,,3.188685894012451,3.188685894012451,,,
3,86249,,1.6102008819580078,1.6102008819580078,,,
3,86299,,2.5773611068725586,2.5773611068725586,,,
3,86349,,2.331136465072632,2.331136465072632,,,
3,86399,,4.922259330749512,4.922259330749512,,,
3,86449,,0.9386521577835083,0.9386521577835083,,,
3,86499,,3.932978391647339,3.932978391647339,,,
3,86549,,2.503187417984009,2.503187417984009,,,
3,86599,,3.224599838256836,3.224599838256836,,,
3,86649,,2.5816352367401123,2.5816352367401123,,,
3,86699,,2.1306228637695312,2.1306228637695312,,,
3,86749,,2.4312872886657715,2.4312872886657715,,,
3,86799,,3.190675973892212,3.190675973892212,,,
3,86849,,1.9989213943481445,1.9989213943481445,,,
3,86899,,2.04580020904541,2.04580020904541,,,
3,86949,,8.269780158996582,8.269780158996582,,,
3,86999,,3.3899245262145996,3.3899245262145996,,,
3,87049,,3.020435333251953,3.020435333251953,,,
3,87099,,2.7838010787963867,2.7838010787963867,,,
3,87149,,2.404702663421631,2.404702663421631,,,
3,87199,,2.483211040496826,2.483211040496826,,,
3,87249,,3.604588508605957,3.604588508605957,,,
3,87299,,3.0577635765075684,3.0577635765075684,,,
3,87349,,3.205704689025879,3.205704689025879,,,
3,87399,,3.892561912536621,3.892561912536621,,,
3,87449,,3.3363168239593506,3.3363168239593506,,,
3,87499,,3.957334041595459,3.957334041595459,,,
3,87549,,2.876768112182617,2.876768112182617,,,
3,87599,,2.117741346359253,2.117741346359253,,,
3,87649,,3.413055419921875,3.413055419921875,,,
3,87699,,2.5775039196014404,2.5775039196014404,,,
3,87749,,2.608119487762451,2.608119487762451,,,
3,87799,,1.2574875354766846,1.2574875354766846,,,
3,87849,,4.679328441619873,4.679328441619873,,,
3,87899,,4.206831932067871,4.206831932067871,,,
3,87949,,3.892395496368408,3.892395496368408,,,
3,87999,,2.035146713256836,2.035146713256836,,,
3,88049,,0.6032091975212097,0.6032091975212097,,,
3,88099,,2.5079174041748047,2.5079174041748047,,,
3,88149,,4.427650451660156,4.427650451660156,,,
3,88199,,3.9693500995635986,3.9693500995635986,,,
3,88249,,2.252549648284912,2.252549648284912,,,
3,88299,,3.6896021366119385,3.6896021366119385,,,
3,88349,,3.600186347961426,3.600186347961426,,,
3,88399,,3.494194269180298,3.494194269180298,,,
3,88449,,3.7780392169952393,3.7780392169952393,,,
3,88499,,2.3824727535247803,2.3824727535247803,,,
3,88549,,2.9780123233795166,2.9780123233795166,,,
3,88599,,3.8369669914245605,3.8369669914245605,,,
3,88649,,2.2264091968536377,2.2264091968536377,,,
3,88699,,2.6707217693328857,2.6707217693328857,,,
3,88749,,2.399716854095459,2.399716854095459,,,
3,88799,,3.8196494579315186,3.8196494579315186,,,
3,88849,,2.4121439456939697,2.4121439456939697,,,
3,88899,,3.9886560440063477,3.9886560440063477,,,
3,88949,,4.697368621826172,4.697368621826172,,,
3,88999,,4.284314155578613,4.284314155578613,,,
3,89049,,3.2856314182281494,3.2856314182281494,,,
3,89099,,1.663414478302002,1.663414478302002,,,
3,89149,,0.7376937866210938,0.7376937866210938,,,
3,89199,,2.8108837604522705,2.8108837604522705,,,
3,89249,,1.1228243112564087,1.1228243112564087,,,
3,89299,,2.565587043762207,2.565587043762207,,,
3,89349,,2.786783218383789,2.786783218383789,,,
3,89399,,3.6048734188079834,3.6048734188079834,,,
3,89449,,4.502596855163574,4.502596855163574,,,
3,89499,,2.3324642181396484,2.3324642181396484,,,
3,89549,,2.8113348484039307,2.8113348484039307,,,
3,89599,,1.3295749425888062,1.3295749425888062,,,
3,89649,,2.605729341506958,2.605729341506958,,,
3,89699,,3.135638952255249,3.135638952255249,,,
3,89749,,3.2681939601898193,3.2681939601898193,,,
3,89799,,3.997523069381714,3.997523069381714,,,
3,89849,,3.694356918334961,3.694356918334961,,,
3,89899,,3.262608051300049,3.262608051300049,,,
3,89949,,2.22000789642334,2.22000789642334,,,
3,89999,,2.4281442165374756,2.4281442165374756,,,
3,90049,,2.8425917625427246,2.8425917625427246,,,
3,90099,,2.044231653213501,2.044231653213501,,,
3,90149,,5.450187683105469,5.450187683105469,,,
3,90199,,3.498288154602051,3.498288154602051,,,
3,90249,,2.925448179244995,2.925448179244995,,,
3,90299,,4.17384672164917,4.17384672164917,,,
3,90349,,1.8718830347061157,1.8718830347061157,,,
3,90399,,4.296176433563232,4.296176433563232,,,
3,90449,,0.18350745737552643,0.18350745737552643,,,
3,90499,,1.9639852046966553,1.9639852046966553,,,
3,90549,,2.3858985900878906,2.3858985900878906,,,
3,90599,,3.395568370819092,3.395568370819092,,,
3,90649,,3.9494597911834717,3.9494597911834717,,,
3,90699,,4.1641011238098145,4.1641011238098145,,,
3,90749,,4.074933052062988,4.074933052062988,,,
3,90799,,2.7461681365966797,2.7461681365966797,,,
3,90849,,2.8922643661499023,2.8922643661499023,,,
3,90899,,3.1761856079101562,3.1761856079101562,,,
3,90949,,4.01912784576416,4.01912784576416,,,
3,90999,,3.669598340988159,3.669598340988159,,,
3,91049,,2.1267621517181396,2.1267621517181396,,,
3,91099,,3.2806007862091064,3.2806007862091064,,,
3,91149,,2.65167498588562,2.65167498588562,,,
3,91199,,2.050863742828369,2.050863742828369,,,
3,91249,,3.0605392456054688,3.0605392456054688,,,
3,91299,,4.712708473205566,4.712708473205566,,,
3,91349,,2.67612624168396,2.67612624168396,,,
3,91399,,3.397966146469116,3.397966146469116,,,
3,91449,,1.5239883661270142,1.5239883661270142,,,
3,91499,,1.940001130104065,1.940001130104065,,,
3,91549,,5.136825084686279,5.136825084686279,,,
3,91599,,2.1560306549072266,2.1560306549072266,,,
3,91649,,2.059948205947876,2.059948205947876,,,
3,91699,,3.575870990753174,3.575870990753174,,,
3,91749,,3.425723075866699,3.425723075866699,,,
3,91799,,4.7001495361328125,4.7001495361328125,,,
3,91849,,2.9211225509643555,2.9211225509643555,,,
3,91899,,4.04358434677124,4.04358434677124,,,
3,91949,,3.457245349884033,3.457245349884033,,,
3,91999,,3.2072384357452393,3.2072384357452393,,,
3,92049,,3.848816394805908,3.848816394805908,,,
3,92099,,4.0104451179504395,4.0104451179504395,,,
3,92149,,3.327629566192627,3.327629566192627,,,
3,92199,,1.5189974308013916,1.5189974308013916,,,
3,92249,,3.1931991577148438,3.1931991577148438,,,
3,92299,,4.657796859741211,4.657796859741211,,,
3,92349,,2.887448787689209,2.887448787689209,,,
3,92399,,3.89994215965271,3.89994215965271,,,
3,92449,,1.8782899379730225,1.8782899379730225,,,
3,92499,,3.4538309574127197,3.4538309574127197,,,
3,92549,,2.570913791656494,2.570913791656494,,,
3,92599,,2.0312986373901367,2.0312986373901367,,,
3,92649,,3.0676796436309814,3.0676796436309814,,,
3,92699,,2.21586012840271,2.21586012840271,,,
3,92749,,3.57891583442688,3.57891583442688,,,
3,92799,,3.056810140609741,3.056810140609741,,,
3,92849,,2.490633964538574,2.490633964538574,,,
3,92899,,3.296125888824463,3.296125888824463,,,
3,92949,,1.5638234615325928,1.5638234615325928,,,
3,92999,,2.3592488765716553,2.3592488765716553,,,
3,93049,,3.3199217319488525,3.3199217319488525,,,
3,93099,,3.1738569736480713,3.1738569736480713,,,
3,93149,,4.302050590515137,4.302050590515137,,,
3,93199,,3.8462371826171875,3.8462371826171875,,,
3,93249,,4.861595153808594,4.861595153808594,,,
3,93299,,3.5952646732330322,3.5952646732330322,,,
3,93349,,3.1844236850738525,3.1844236850738525,,,
3,93399,,2.424361228942871,2.424361228942871,,,
3,93449,,0.47836747765541077,0.47836747765541077,,,
3,93499,,3.240194320678711,3.240194320678711,,,
3,93549,,2.7896676063537598,2.7896676063537598,,,
3,93599,,2.4058008193969727,2.4058008193969727,,,
3,93649,,1.776732087135315,1.776732087135315,,,
3,93699,,3.0879170894622803,3.0879170894622803,,,
3,93749,,3.4099879264831543,3.4099879264831543,,,
3,93799,,1.6226763725280762,1.6226763725280762,,,
3,93849,,2.686062812805176,2.686062812805176,,,
3,93899,,2.4196791648864746,2.4196791648864746,,,
3,93949,,1.6583149433135986,1.6583149433135986,,,
3,93999,,3.6911070346832275,3.6911070346832275,,,
3,94049,,0.6495493054389954,0.6495493054389954,,,
3,94099,,2.3151865005493164,2.3151865005493164,,,
3,94149,,2.355649471282959,2.355649471282959,,,
3,94199,,3.0890822410583496,3.0890822410583496,,,
3,94249,,3.8627984523773193,3.8627984523773193,,,
3,94299,,1.250412106513977,1.250412106513977,,,
3,94349,,3.512418508529663,3.512418508529663,,,
3,94399,,2.2714154720306396,2.2714154720306396,,,
3,94449,,3.7169487476348877,3.7169487476348877,,,
3,94499,,4.175418376922607,4.175418376922607,,,
3,94549,,3.1240882873535156,3.1240882873535156,,,
3,94599,,3.138326644897461,3.138326644897461,,,
3,94649,,5.426510810852051,5.426510810852051,,,
3,94699,,3.2960028648376465,3.2960028648376465,,,
3,94749,,3.93342924118042,3.93342924118042,,,
3,94799,,2.4685308933258057,2.4685308933258057,,,
3,94849,,3.804736375808716,3.804736375808716,,,
3,94899,,1.7157506942749023,1.7157506942749023,,,
3,94949,,3.071195125579834,3.071195125579834,,,
3,94999,,1.3661787509918213,1.3661787509918213,,,
3,95049,,2.164682388305664,2.164682388305664,,,
3,95099,,2.1350977420806885,2.1350977420806885,,,
3,95149,,1.4355242252349854,1.4355242252349854,,,
3,95199,,2.177506685256958,2.177506685256958,,,
3,95249,,2.9927000999450684,2.9927000999450684,,,
3,95299,,2.8701276779174805,2.8701276779174805,,,
3,95349,,3.116563558578491,3.116563558578491,,,
3,95399,,2.862750291824341,2.862750291824341,,,
3,95449,,4.18266487121582,4.18266487121582,,,
3,95499,,5.033855438232422,5.033855438232422,,,
3,95549,,3.903334140777588,3.903334140777588,,,
3,95599,,3.6032702922821045,3.6032702922821045,,,
3,95649,,2.6622023582458496,2.6622023582458496,,,
3,95699,,2.4632999897003174,2.4632999897003174,,,
3,95749,,2.4929451942443848,2.4929451942443848,,,
3,95799,,3.7597672939300537,3.7597672939300537,,,
3,95849,,5.976435661315918,5.976435661315918,,,
3,95899,,1.3958392143249512,1.3958392143249512,,,
3,95949,,2.608046770095825,2.608046770095825,,,
3,95999,,1.6717392206192017,1.6717392206192017,,,
3,95999,,,,3.1244161128997803,3.1244161128997803,3.1244163513183594
3,95999,2.9662024974823,,,,,
4,96049,,2.5588197708129883,2.5588197708129883,,,
4,96099,,3.5741689205169678,3.5741689205169678,,,
4,96149,,2.2869279384613037,2.2869279384613037,,,
4,96199,,2.6339707374572754,2.6339707374572754,,,
4,96249,,4.2841796875,4.2841796875,,,
4,96299,,1.987038016319275,1.987038016319275,,,
4,96349,,4.245641231536865,4.245641231536865,,,
4,96399,,1.58806312084198,1.58806312084198,,,
4,96449,,1.8856703042984009,1.8856703042984009,,,
4,96499,,2.443171501159668,2.443171501159668,,,
4,96549,,2.998356580734253,2.998356580734253,,,
4,96599,,3.9261207580566406,3.9261207580566406,,,
4,96649,,2.951470136642456,2.951470136642456,,,
4,96699,,4.235167026519775,4.235167026519775,,,
4,96749,,3.1710567474365234,3.1710567474365234,,,
4,96799,,3.656315326690674,3.656315326690674,,,
4,96849,,2.2478206157684326,2.2478206157684326,,,
4,96899,,2.460540771484375,2.460540771484375,,,
4,96949,,1.4375,1.4375,,,
4,96999,,1.6745136976242065,1.6745136976242065,,,
4,97049,,2.5129950046539307,2.5129950046539307,,,
4,97099,,2.9571361541748047,2.9571361541748047,,,
4,97149,,1.3992815017700195,1.3992815017700195,,,
4,97199,,2.1657450199127197,2.1657450199127197,,,
4,97249,,4.498631477355957,4.498631477355957,,,
4,97299,,2.8265395164489746,2.8265395164489746,,,
4,97349,,1.8688218593597412,1.8688218593597412,,,
4,97399,,3.3509740829467773,3.3509740829467773,,,
4,97449,,2.7049219608306885,2.7049219608306885,,,
4,97499,,4.56185245513916,4.56185245513916,,,
4,97549,,3.6682591438293457,3.6682591438293457,,,
4,97599,,1.8566644191741943,1.8566644191741943,,,
4,97649,,1.7370195388793945,1.7370195388793945,,,
4,97699,,1.8921124935150146,1.8921124935150146,,,
4,97749,,5.820992469787598,5.820992469787598,,,
4,97799,,1.832944393157959,1.832944393157959,,,
4,97849,,2.769275188446045,2.769275188446045,,,
4,97899,,1.8295280933380127,1.8295280933380127,,,
4,97949,,1.4191774129867554,1.4191774129867554,,,
4,97999,,3.680837631225586,3.680837631225586,,,
4,98049,,2.245083808898926,2.245083808898926,,,
4,98099,,2.173121929168701,2.173121929168701,,,
4,98149,,1.1858134269714355,1.1858134269714355,,,
4,98199,,2.9593749046325684,2.9593749046325684,,,
4,98249,,0.0022497177124023438,0.0022497177124023438,,,
4,98299,,1.246585488319397,1.246585488319397,,,
4,98349,,3.5772664546966553,3.5772664546966553,,,
4,98399,,4.057072162628174,4.057072162628174,,,
4,98449,,2.1252732276916504,2.1252732276916504,,,
4,98499,,2.190033197402954,2.190033197402954,,,
4,98549,,3.1397781372070312,3.1397781372070312,,,
4,98599,,2.7633917331695557,2.7633917331695557,,,
4,98649,,1.931570053100586,1.931570053100586,,,
4,98699,,5.115749835968018,5.115749835968018,,,
4,98749,,3.523806095123291,3.523806095123291,,,
4,98799,,3.562258005142212,3.562258005142212,,,
4,98849,,1.6967055797576904,1.6967055797576904,,,
4,98899,,4.578214168548584,4.578214168548584,,,
4,98949,,3.3964531421661377,3.3964531421661377,,,
4,98999,,2.366272449493408,2.366272449493408,,,
4,99049,,2.21598482131958,2.21598482131958,,,
4,99099,,3.3386778831481934,3.3386778831481934,,,
4,99149,,1.3989585638046265,1.3989585638046265,,,
4,99199,,2.627763271331787,2.627763271331787,,,
4,99249,,5.476069927215576,5.476069927215576,,,
4,99299,,2.0846686363220215,2.0846686363220215,,,
4,99349,,1.9588748216629028,1.9588748216629028,,,
4,99399,,2.1816556453704834,2.1816556453704834,,,
4,99449,,1.810726523399353,1.810726523399353,,,
4,99499,,3.1712913513183594,3.1712913513183594,,,
4,99549,,3.116077423095703,3.116077423095703,,,
4,99599,,2.253988265991211,2.253988265991211,,,
4,99649,,2.9060583114624023,2.9060583114624023,,,
4,99699,,2.8092200756073,2.8092200756073,,,
4,99749,,3.5008962154388428,3.5008962154388428,,,
4,99799,,2.682809591293335,2.682809591293335,,,
4,99849,,2.2092087268829346,2.2092087268829346,,,
4,99899,,2.100296974182129,2.100296974182129,,,
4,99949,,1.7904906272888184,1.7904906272888184,,,
4,99999,,3.2216482162475586,3.2216482162475586,,,
4,100049,,2.1446282863616943,2.1446282863616943,,,
4,100099,,1.4700214862823486,1.4700214862823486,,,
4,100149,,2.202073574066162,2.202073574066162,,,
4,100199,,2.445099353790283,2.445099353790283,,,
4,100249,,3.55090069770813,3.55090069770813,,,
4,100299,,1.332637906074524,1.332637906074524,,,
4,100349,,1.8002227544784546,1.8002227544784546,,,
4,100399,,3.475001811981201,3.475001811981201,,,
4,100449,,3.9608564376831055,3.9608564376831055,,,
4,100499,,2.95222806930542,2.95222806930542,,,
4,100549,,3.694648027420044,3.694648027420044,,,
4,100599,,1.404537320137024,1.404537320137024,,,
4,100649,,1.413543462753296,1.413543462753296,,,
4,100699,,2.3282108306884766,2.3282108306884766,,,
4,100749,,3.120850086212158,3.120850086212158,,,
4,100799,,2.7657997608184814,2.7657997608184814,,,
4,100849,,2.698604106903076,2.698604106903076,,,
4,100899,,3.486063003540039,3.486063003540039,,,
4,100949,,2.696970224380493,2.696970224380493,,,
4,100999,,2.5602540969848633,2.5602540969848633,,,
4,101049,,0.8257164359092712,0.8257164359092712,,,
4,101099,,2.844669818878174,2.844669818878174,,,
4,101149,,2.2656450271606445,2.2656450271606445,,,
4,101199,,1.9637030363082886,1.9637030363082886,,,
4,101249,,1.0230227708816528,1.0230227708816528,,,
4,101299,,2.5578248500823975,2.5578248500823975,,,
4,101349,,2.868096351623535,2.868096351623535,,,
4,101399,,3.1570043563842773,3.1570043563842773,,,
4,101449,,2.8539369106292725,2.8539369106292725,,,
4,101499,,2.85543155670166,2.85543155670166,,,
4,101549,,2.2058322429656982,2.2058322429656982,,,
4,101599,,3.3853261470794678,3.3853261470794678,,,
4,101649,,2.533454418182373,2.533454418182373,,,
4,101699,,3.7665486335754395,3.7665486335754395,,,
4,101749,,1.6805623769760132,1.6805623769760132,,,
4,101799,,4.864828586578369,4.864828586578369,,,
4,101849,,2.1316490173339844,2.1316490173339844,,,
4,101899,,1.2149187326431274,1.2149187326431274,,,
4,101949,,4.18252420425415,4.18252420425415,,,
4,101999,,2.8274028301239014,2.8274028301239014,,,
4,102049,,3.6628761291503906,3.6628761291503906,,,
4,102099,,1.946779727935791,1.946779727935791,,,
4,102149,,2.107964515686035,2.107964515686035,,,
4,102199,,3.2130134105682373,3.2130134105682373,,,
4,102249,,1.9512274265289307,1.9512274265289307,,,
4,102299,,2.0850493907928467,2.0850493907928467,,,
4,102349,,2.365278720855713,2.365278720855713,,,
4,102399,,1.3481284379959106,1.3481284379959106,,,
4,102449,,1.5943095684051514,1.5943095684051514,,,
4,102499,,1.9243016242980957,1.9243016242980957,,,
4,102549,,4.012109756469727,4.012109756469727,,,
4,102599,,2.3153252601623535,2.3153252601623535,,,
4,102649,,4.5344557762146,4.5344557762146,,,
4,102699,,1.938262939453125,1.938262939453125,,,
4,102749,,3.628352165222168,3.628352165222168,,,
4,102799,,4.059765338897705,4.059765338897705,,,
4,102849,,1.7283426523208618,1.7283426523208618,,,
4,102899,,1.629253625869751,1.629253625869751,,,
4,102949,,3.479185104370117,3.479185104370117,,,
4,102999,,2.1451334953308105,2.1451334953308105,,,
4,103049,,3.878542900085449,3.878542900085449,,,
4,103099,,2.9335007667541504,2.9335007667541504,,,
4,103149,,2.5949666500091553,2.5949666500091553,,,
4,103199,,3.9739930629730225,3.9739930629730225,,,
4,103249,,2.73325777053833,2.73325777053833,,,
4,103299,,2.1483566761016846,2.1483566761016846,,,
4,103349,,0.5065068602561951,0.5065068602561951,,,
4,103399,,2.6104116439819336,2.6104116439819336,,,
4,103449,,2.844536304473877,2.844536304473877,,,
4,103499,,2.229130744934082,2.229130744934082,,,
4,103549,,3.1168341636657715,3.1168341636657715,,,
4,103599,,2.8721532821655273,2.8721532821655273,,,
4,103649,,1.9710488319396973,1.9710488319396973,,,
4,103699,,2.3902926445007324,2.3902926445007324,,,
4,103749,,4.517036437988281,4.517036437988281,,,
4,103799,,4.659424304962158,4.659424304962158,,,
4,103849,,3.923409938812256,3.923409938812256,,,
4,103899,,3.7624948024749756,3.7624948024749756,,,
4,103949,,4.653509140014648,4.653509140014648,,,
4,103999,,1.9922246932983398,1.9922246932983398,,,
4,104049,,0.9136805534362793,0.9136805534362793,,,
4,104099,,2.7986812591552734,2.7986812591552734,,,
4,104149,,2.5664212703704834,2.5664212703704834,,,
4,104199,,2.2451441287994385,2.2451441287994385,,,
4,104249,,1.5367664098739624,1.5367664098739624,,,
4,104299,,1.9228380918502808,1.9228380918502808,,,
4,104349,,4.3448896408081055,4.3448896408081055,,,
4,104399,,3.634100914001465,3.634100914001465,,,
4,104449,,4.212930679321289,4.212930679321289,,,
4,104499,,3.8082945346832275,3.8082945346832275,,,
4,104549,,2.9941539764404297,2.9941539764404297,,,
4,104599,,2.547502040863037,2.547502040863037,,,
4,104649,,2.266387939453125,2.266387939453125,,,
4,104699,,1.2457873821258545,1.2457873821258545,,,
4,104749,,1.0354690551757812,1.0354690551757812,,,
4,104799,,4.7187819480896,4.7187819480896,,,
4,104849,,2.0793449878692627,2.0793449878692627,,,
4,104899,,2.0058178901672363,2.0058178901672363,,,
4,104949,,2.2286901473999023,2.2286901473999023,,,
4,104999,,1.0426067113876343,1.0426067113876343,,,
4,105049,,2.9608004093170166,2.9608004093170166,,,
4,105099,,3.228247880935669,3.228247880935669,,,
4,105149,,0.5782510042190552,0.5782510042190552,,,
4,105199,,3.2852327823638916,3.2852327823638916,,,
4,105249,,1.5859897136688232,1.5859897136688232,,,
4,105299,,2.2178406715393066,2.2178406715393066,,,
4,105349,,1.7858552932739258,1.7858552932739258,,,
4,105399,,2.884063243865967,2.884063243865967,,,
4,105449,,1.0186057090759277,1.0186057090759277,,,
4,105499,,1.79202139377594,1.79202139377594,,,
4,105549,,3.2337656021118164,3.2337656021118164,,,
4,105599,,1.0637930631637573,1.0637930631637573,,,
4,105649,,5.009983539581299,5.009983539581299,,,
4,105699,,3.347522258758545,3.347522258758545,,,
4,105749,,2.5382871627807617,2.5382871627807617,,,
4,105799,,2.894545555114746,2.894545555114746,,,
4,105849,,3.1010758876800537,3.1010758876800537,,,
4,105899,,2.620748281478882,2.620748281478882,,,
4,105949,,2.503244638442993,2.503244638442993,,,
4,105999,,0.9950019121170044,0.9950019121170044,,,
4,106049,,1.9103984832763672,1.9103984832763672,,,
4,106099,,4.256692886352539,4.256692886352539,,,
4,106149,,1.9386934041976929,1.9386934041976929,,,
4,106199,,3.3165948390960693,3.3165948390960693,,,
4,106249,,1.7854470014572144,1.7854470014572144,,,
4,106299,,1.0019819736480713,1.0019819736480713,,,
4,106349,,2.080063819885254,2.080063819885254,,,
4,106399,,3.4796667098999023,3.4796667098999023,,,
4,106449,,3.4704220294952393,3.4704220294952393,,,
4,106499,,2.3685262203216553,2.3685262203216553,,,
4,106549,,2.7085862159729004,2.7085862159729004,,,
4,106599,,3.528494358062744,3.528494358062744,,,
4,106649,,2.8518335819244385,2.8518335819244385,,,
4,106699,,3.0724735260009766,3.0724735260009766,,,
4,106749,,2.1280064582824707,2.1280064582824707,,,
4,106799,,0.11559730023145676,0.11559730023145676,,,
4,106849,,2.637066602706909,2.637066602706909,,,
4,106899,,5.338638782501221,5.338638782501221,,,
4,106949,,1.1530406475067139,1.1530406475067139,,,
4,106999,,1.799878716468811,1.799878716468811,,,
4,107049,,2.571719169616699,2.571719169616699,,,
4,107099,,2.0474987030029297,2.0474987030029297,,,
4,107149,,2.1593902111053467,2.1593902111053467,,,
4,107199,,4.710855484008789,4.710855484008789,,,
4,107249,,1.740898609161377,1.740898609161377,,,
4,107299,,2.937861204147339,2.937861204147339,,,
4,107349,,3.8396308422088623,3.8396308422088623,,,
4,107399,,1.5792627334594727,1.5792627334594727,,,
4,107449,,1.110987663269043,1.110987663269043,,,
4,107499,,1.0982385873794556,1.0982385873794556,,,
4,107549,,2.676924228668213,2.676924228668213,,,
4,107599,,2.3238556385040283,2.3238556385040283,,,
4,107649,,2.6972873210906982,2.6972873210906982,,,
4,107699,,3.853288173675537,3.853288173675537,,,
4,107749,,2.836331605911255,2.836331605911255,,,
4,107799,,4.574542045593262,4.574542045593262,,,
4,107849,,3.9967217445373535,3.9967217445373535,,,
4,107899,,2.1485555171966553,2.1485555171966553,,,
4,107949,,3.1436264514923096,3.1436264514923096,,,
4,107999,,3.1818623542785645,3.1818623542785645,,,
4,108049,,2.9344024658203125,2.9344024658203125,,,
4,108099,,2.6162099838256836,2.6162099838256836,,,
4,108149,,3.2242259979248047,3.2242259979248047,,,
4,108199,,4.3636674880981445,4.3636674880981445,,,
4,108249,,5.240803241729736,5.240803241729736,,,
4,108299,,3.720900058746338,3.720900058746338,,,
4,108349,,2.2522168159484863,2.2522168159484863,,,
4,108399,,4.674198150634766,4.674198150634766,,,
4,108449,,2.9648404121398926,2.9648404121398926,,,
4,108499,,0.08807479590177536,0.08807479590177536,,,
4,108549,,2.9615111351013184,2.9615111351013184,,,
4,108599,,2.2624895572662354,2.2624895572662354,,,
4,108649,,2.284820079803467,2.284820079803467,,,
4,108699,,2.0494256019592285,2.0494256019592285,,,
4,108749,,2.248241424560547,2.248241424560547,,,
4,108799,,2.547846555709839,2.547846555709839,,,
4,108849,,2.422356128692627,2.422356128692627,,,
4,108899,,3.9332172870635986,3.9332172870635986,,,
4,108949,,1.6429049968719482,1.6429049968719482,,,
4,108999,,3.268341302871704,3.268341302871704,,,
4,109049,,2.977673292160034,2.977673292160034,,,
4,109099,,2.0556416511535645,2.0556416511535645,,,
4,109149,,2.6245458126068115,2.6245458126068115,,,
4,109199,,3.1211624145507812,3.1211624145507812,,,
4,109249,,1.328346610069275,1.328346610069275,,,
4,109299,,2.8754053115844727,2.8754053115844727,,,
4,109349,,1.4938644170761108,1.4938644170761108,,,
4,109399,,2.7543349266052246,2.7543349266052246,,,
4,109449,,0.38234639167785645,0.38234639167785645,,,
4,109499,,3.7662410736083984,3.7662410736083984,,,
4,109549,,2.7875959873199463,2.7875959873199463,,,
4,109599,,3.173552989959717,3.173552989959717,,,
4,109649,,1.9625186920166016,1.9625186920166016,,,
4,109699,,3.340151786804199,3.340151786804199,,,
4,109749,,3.5692548751831055,3.5692548751831055,,,
4,109799,,2.3577470779418945,2.3577470779418945,,,
4,109849,,1.6716301441192627,1.6716301441192627,,,
4,109899,,2.92512583732605,2.92512583732605,,,
4,109949,,2.29394793510437,2.29394793510437,,,
4,109999,,3.551417827606201,3.551417827606201,,,
4,110049,,1.4338387250900269,1.4338387250900269,,,
4,110099,,1.4701869487762451,1.4701869487762451,,,
4,110149,,2.1974453926086426,2.1974453926086426,,,
4,110199,,2.203129768371582,2.203129768371582,,,
4,110249,,3.1053032875061035,3.1053032875061035,,,
4,110299,,3.510897159576416,3.510897159576416,,,
4,110349,,1.2050780057907104,1.2050780057907104,,,
4,110399,,2.6141560077667236,2.6141560077667236,,,
4,110449,,2.4700229167938232,2.4700229167938232,,,
4,110499,,4.583263397216797,4.583263397216797,,,
4,110549,,4.327146530151367,4.327146530151367,,,
4,110599,,2.963853359222412,2.963853359222412,,,
4,110649,,2.5252654552459717,2.5252654552459717,,,
4,110699,,2.7301173210144043,2.7301173210144043,,,
4,110749,,0.7478665113449097,0.7478665113449097,,,
4,110799,,2.1123077869415283,2.1123077869415283,,,
4,110849,,1.3074851036071777,1.3074851036071777,,,
4,110899,,1.6873925924301147,1.6873925924301147,,,
4,110949,,2.9853925704956055,2.9853925704956055,,,
4,110999,,1.9199590682983398,1.9199590682983398,,,
4,111049,,3.0722341537475586,3.0722341537475586,,,
4,111099,,1.5337555408477783,1.5337555408477783,,,
4,111149,,2.1572699546813965,2.1572699546813965,,,
4,111199,,3.1273393630981445,3.1273393630981445,,,
4,111249,,1.9935559034347534,1.9935559034347534,,,
4,111299,,1.6461997032165527,1.6461997032165527,,,
4,111349,,2.763370990753174,2.763370990753174,,,
4,111399,,4.684741020202637,4.684741020202637,,,
4,111449,,2.9279446601867676,2.9279446601867676,,,
4,111499,,4.360952377319336,4.360952377319336,,,
4,111549,,3.7036569118499756,3.7036569118499756,,,
4,111599,,3.4097559452056885,3.4097559452056885,,,
4,111649,,3.296266555786133,3.296266555786133,,,
4,111699,,3.290118455886841,3.290118455886841,,,
4,111749,,0.7833313345909119,0.7833313345909119,,,
4,111799,,2.6155943870544434,2.6155943870544434,,,
4,111849,,2.63460373878479,2.63460373878479,,,
4,111899,,1.6512037515640259,1.6512037515640259,,,
4,111949,,3.8223798274993896,3.8223798274993896,,,
4,111999,,2.0166640281677246,2.0166640281677246,,,
4,112049,,1.7544727325439453,1.7544727325439453,,,
4,112099,,2.0082902908325195,2.0082902908325195,,,
4,112149,,2.679595708847046,2.679595708847046,,,
4,112199,,4.102180004119873,4.102180004119873,,,
4,112249,,3.0143072605133057,3.0143072605133057,,,
4,112299,,6.198091506958008,6.198091506958008,,,
4,112349,,3.6053943634033203,3.6053943634033203,,,
4,112399,,2.5492284297943115,2.5492284297943115,,,
4,112449,,2.759761333465576,2.759761333465576,,,
4,112499,,2.85862398147583,2.85862398147583,,,
4,112549,,4.146738052368164,4.146738052368164,,,
4,112599,,2.8598392009735107,2.8598392009735107,,,
4,112649,,1.885615587234497,1.885615587234497,,,
4,112699,,2.722900867462158,2.722900867462158,,,
4,112749,,1.928737998008728,1.928737998008728,,,
4,112799,,3.415046215057373,3.415046215057373,,,
4,112849,,1.947416067123413,1.947416067123413,,,
4,112899,,3.719670057296753,3.719670057296753,,,
4,112949,,3.047382354736328,3.047382354736328,,,
4,112999,,3.5333287715911865,3.5333287715911865,,,
4,113049,,2.003236770629883,2.003236770629883,,,
4,113099,,2.9783053398132324,2.9783053398132324,,,
4,113149,,1.1468772888183594,1.1468772888183594,,,
4,113199,,2.3852486610412598,2.3852486610412598,,,
4,113249,,3.7578749656677246,3.7578749656677246,,,
4,113299,,1.4941047430038452,1.4941047430038452,,,
4,113349,,3.2401139736175537,3.2401139736175537,,,
4,113399,,2.896066188812256,2.896066188812256,,,
4,113449,,3.718691110610962,3.718691110610962,,,
4,113499,,3.4193196296691895,3.4193196296691895,,,
4,113549,,2.8700919151306152,2.8700919151306152,,,
4,113599,,3.770958423614502,3.770958423614502,,,
4,113649,,2.836577892303467,2.836577892303467,,,
4,113699,,4.18585205078125,4.18585205078125,,,
4,113749,,4.2897443771362305,4.2897443771362305,,,
4,113799,,0.3252604305744171,0.3252604305744171,,,
4,113849,,0.6868877410888672,0.6868877410888672,,,
4,113899,,2.1436123847961426,2.1436123847961426,,,
4,113949,,4.357348442077637,4.357348442077637,,,
4,113999,,0.9598679542541504,0.9598679542541504,,,
4,114049,,1.4561978578567505,1.4561978578567505,,,
4,114099,,2.1245479583740234,2.1245479583740234,,,
4,114149,,1.8039789199829102,1.8039789199829102,,,
4,114199,,2.5083577632904053,2.5083577632904053,,,
4,114249,,3.2159533500671387,3.2159533500671387,,,
4,114299,,3.984788656234741,3.984788656234741,,,
4,114349,,2.296642780303955,2.296642780303955,,,
4,114399,,0.8950984477996826,0.8950984477996826,,,
4,114449,,2.8925604820251465,2.8925604820251465,,,
4,114499,,5.173421382904053,5.173421382904053,,,
4,114549,,1.7885377407073975,1.7885377407073975,,,
4,114599,,1.9365180730819702,1.9365180730819702,,,
4,114649,,2.464639663696289,2.464639663696289,,,
4,114699,,1.5863765478134155,1.5863765478134155,,,
4,114749,,2.432260751724243,2.432260751724243,,,
4,114799,,2.869558811187744,2.869558811187744,,,
4,114849,,2.4396135807037354,2.4396135807037354,,,
4,114899,,3.4058399200439453,3.4058399200439453,,,
4,114949,,2.0945327281951904,2.0945327281951904,,,
4,114999,,3.00935959815979,3.00935959815979,,,
4,115049,,1.8249961137771606,1.8249961137771606,,,
4,115099,,2.2263073921203613,2.2263073921203613,,,
4,115149,,2.3843181133270264,2.3843181133270264,,,
4,115199,,1.953383445739746,1.953383445739746,,,
4,115249,,1.6684439182281494,1.6684439182281494,,,
4,115299,,5.337446212768555,5.337446212768555,,,
4,115349,,1.6774418354034424,1.6774418354034424,,,
4,115399,,1.90397047996521,1.90397047996521,,,
4,115449,,2.4734272956848145,2.4734272956848145,,,
4,115499,,1.1057345867156982,1.1057345867156982,,,
4,115549,,3.6406025886535645,3.6406025886535645,,,
4,115599,,2.306281566619873,2.306281566619873,,,
4,115649,,1.136975646018982,1.136975646018982,,,
4,115699,,0.5635851621627808,0.5635851621627808,,,
4,115749,,3.17299747467041,3.17299747467041,,,
4,115799,,2.3922388553619385,2.3922388553619385,,,
4,115849,,3.3572607040405273,3.3572607040405273,,,
4,115899,,2.9020936489105225,2.9020936489105225,,,
4,115949,,4.394704341888428,4.394704341888428,,,
4,115999,,0.5161669850349426,0.5161669850349426,,,
4,116049,,3.194129228591919,3.194129228591919,,,
4,116099,,3.04599928855896,3.04599928855896,,,
4,116149,,0.9210296273231506,0.9210296273231506,,,
4,116199,,2.7432403564453125,2.7432403564453125,,,
4,116249,,3.7274045944213867,3.7274045944213867,,,
4,116299,,3.9333221912384033,3.9333221912384033,,,
4,116349,,2.078669548034668,2.078669548034668,,,
4,116399,,2.4796953201293945,2.4796953201293945,,,
4,116449,,5.316410541534424,5.316410541534424,,,
4,116499,,2.6805076599121094,2.6805076599121094,,,
4,116549,,2.4340763092041016,2.4340763092041016,,,
4,116599,,3.099557638168335,3.099557638168335,,,
4,116649,,3.5720198154449463,3.5720198154449463,,,
4,116699,,3.011155843734741,3.011155843734741,,,
4,116749,,2.929905652999878,2.929905652999878,,,
4,116799,,2.2330117225646973,2.2330117225646973,,,
4,116849,,0.1640896201133728,0.1640896201133728,,,
4,116899,,0.876331090927124,0.876331090927124,,,
4,116949,,2.6115875244140625,2.6115875244140625,,,
4,116999,,3.0912840366363525,3.0912840366363525,,,
4,117049,,3.8975210189819336,3.8975210189819336,,,
4,117099,,2.0279319286346436,2.0279319286346436,,,
4,117149,,2.6820156574249268,2.6820156574249268,,,
4,117199,,3.530773162841797,3.530773162841797,,,
4,117249,,1.8827368021011353,1.8827368021011353,,,
4,117299,,2.4918904304504395,2.4918904304504395,,,
4,117349,,2.122629165649414,2.122629165649414,,,
4,117399,,3.6616320610046387,3.6616320610046387,,,
4,117449,,3.1906933784484863,3.1906933784484863,,,
4,117499,,2.6624739170074463,2.6624739170074463,,,
4,117549,,2.3515806198120117,2.3515806198120117,,,
4,117599,,2.551605463027954,2.551605463027954,,,
4,117649,,0.05826824903488159,0.05826824903488159,,,
4,117699,,2.8321421146392822,2.8321421146392822,,,
4,117749,,2.8753764629364014,2.8753764629364014,,,
4,117799,,1.9963488578796387,1.9963488578796387,,,
4,117849,,2.296341896057129,2.296341896057129,,,
4,117899,,2.743635416030884,2.743635416030884,,,
4,117949,,2.7247061729431152,2.7247061729431152,,,
4,117999,,4.826954364776611,4.826954364776611,,,
4,118049,,2.175611734390259,2.175611734390259,,,
4,118099,,6.963929653167725,6.963929653167725,,,
4,118149,,3.8613853454589844,3.8613853454589844,,,
4,118199,,3.367138385772705,3.367138385772705,,,
4,118249,,1.98746657371521,1.98746657371521,,,
4,118299,,1.6784255504608154,1.6784255504608154,,,
4,118349,,2.910867929458618,2.910867929458618,,,
4,118399,,3.973121166229248,3.973121166229248,,,
4,118449,,1.67771315574646,1.67771315574646,,,
4,118499,,2.5147409439086914,2.5147409439086914,,,
4,118549,,3.96087908744812,3.96087908744812,,,
4,118599,,2.142629623413086,2.142629623413086,,,
4,118649,,1.1540782451629639,1.1540782451629639,,,
4,118699,,2.726686954498291,2.726686954498291,,,
4,118749,,3.8291635513305664,3.8291635513305664,,,
4,118799,,2.143949031829834,2.143949031829834,,,
4,118849,,2.609835386276245,2.609835386276245,,,
4,118899,,2.8219237327575684,2.8219237327575684,,,
4,118949,,2.106741189956665,2.106741189956665,,,
4,118999,,2.8800387382507324,2.8800387382507324,,,
4,119049,,2.4367525577545166,2.4367525577545166,,,
4,119099,,3.1199092864990234,3.1199092864990234,,,
4,119149,,2.757439374923706,2.757439374923706,,,
4,119199,,2.7333168983459473,2.7333168983459473,,,
4,119249,,1.8846042156219482,1.8846042156219482,,,
4,119299,,3.58488130569458,3.58488130569458,,,
4,119349,,2.855449914932251,2.855449914932251,,,
4,119399,,1.1128573417663574,1.1128573417663574,,,
4,119449,,3.2711353302001953,3.2711353302001953,,,
4,119499,,2.95475697517395,2.95475697517395,,,
4,119549,,1.283449411392212,1.283449411392212,,,
4,119599,,2.409860134124756,2.409860134124756,,,
4,119649,,2.301227569580078,2.301227569580078,,,
4,119699,,3.8125686645507812,3.8125686645507812,,,
4,119749,,1.1666911840438843,1.1666911840438843,,,
4,119799,,2.89961838722229,2.89961838722229,,,
4,119849,,2.649761199951172,2.649761199951172,,,
4,119899,,2.7453627586364746,2.7453627586364746,,,
4,119949,,2.9956955909729004,2.9956955909729004,,,
4,119999,,4.779656410217285,4.779656410217285,,,
4,119999,,,,3.0563366413116455,3.0563366413116455,3.0563368797302246
4,119999,2.7551205158233643,,,,,
5,120049,,2.337493658065796,2.337493658065796,,,
5,120099,,2.259582281112671,2.259582281112671,,,
5,120149,,3.2389206886291504,3.2389206886291504,,,
5,120199,,1.1701074838638306,1.1701074838638306,,,
5,120249,,1.6145061254501343,1.6145061254501343,,,
5,120299,,5.14553689956665,5.14553689956665,,,
5,120349,,1.8834869861602783,1.8834869861602783,,,
5,120399,,1.765674352645874,1.765674352645874,,,
5,120449,,1.4764403104782104,1.4764403104782104,,,
5,120499,,4.696389675140381,4.696389675140381,,,
5,120549,,2.145883798599243,2.145883798599243,,,
5,120599,,4.739530563354492,4.739530563354492,,,
5,120649,,2.7837278842926025,2.7837278842926025,,,
5,120699,,1.7260031700134277,1.7260031700134277,,,
5,120749,,2.709845542907715,2.709845542907715,,,
5,120799,,1.6482259035110474,1.6482259035110474,,,
5,120849,,1.43389093875885,1.43389093875885,,,
5,120899,,2.084465503692627,2.084465503692627,,,
5,120949,,2.7829740047454834,2.7829740047454834,,,
5,120999,,1.5271064043045044,1.5271064043045044,,,
5,121049,,3.0750980377197266,3.0750980377197266,,,
5,121099,,2.3437182903289795,2.3437182903289795,,,
5,121149,,0.6349954605102539,0.6349954605102539,,,
5,121199,,4.267567157745361,4.267567157745361,,,
5,121249,,1.6191701889038086,1.6191701889038086,,,
5,121299,,2.2055976390838623,2.2055976390838623,,,
5,121349,,2.861863374710083,2.861863374710083,,,
5,121399,,3.2446157932281494,3.2446157932281494,,,
5,121449,,3.440887212753296,3.440887212753296,,,
5,121499,,2.537684679031372,2.537684679031372,,,
5,121549,,2.2158749103546143,2.2158749103546143,,,
5,121599,,2.3501038551330566,2.3501038551330566,,,
5,121649,,3.794517755508423,3.794517755508423,,,
5,121699,,1.9367064237594604,1.9367064237594604,,,
5,121749,,1.961190938949585,1.961190938949585,,,
5,121799,,2.297973394393921,2.297973394393921,,,
5,121849,,0.6764838695526123,0.6764838695526123,,,
5,121899,,6.416153430938721,6.416153430938721,,,
5,121949,,2.037160634994507,2.037160634994507,,,
5,121999,,2.0752415657043457,2.0752415657043457,,,
5,122049,,1.7815625667572021,1.7815625667572021,,,
5,122099,,1.5629631280899048,1.5629631280899048,,,
5,122149,,0.2531142234802246,0.2531142234802246,,,
5,122199,,1.3030260801315308,1.3030260801315308,,,
5,122249,,1.6993746757507324,1.6993746757507324,,,
5,122299,,2.2466681003570557,2.2466681003570557,,,
5,122349,,1.8030532598495483,1.8030532598495483,,,
5,122399,,2.541193723678589,2.541193723678589,,,
5,122449,,2.8641791343688965,2.8641791343688965,,,
5,122499,,2.3593645095825195,2.3593645095825195,,,
5,122549,,2.8620314598083496,2.8620314598083496,,,
5,122599,,3.6897940635681152,3.6897940635681152,,,
5,122649,,2.2471425533294678,2.2471425533294678,,,
5,122699,,1.6497315168380737,1.6497315168380737,,,
5,122749,,2.491534948348999,2.491534948348999,,,
5,122799,,2.271385669708252,2.271385669708252,,,
5,122849,,2.7732841968536377,2.7732841968536377,,,
5,122899,,1.4418854713439941,1.4418854713439941,,,
5,122949,,1.4947402477264404,1.4947402477264404,,,
5,122999,,4.479998588562012,4.479998588562012,,,
5,123049,,2.8290438652038574,2.8290438652038574,,,
5,123099,,3.892760753631592,3.892760753631592,,,
5,123149,,1.732121467590332,1.732121467590332,,,
5,123199,,3.262424945831299,3.262424945831299,,,
5,123249,,6.00791072845459,6.00791072845459,,,
5,123299,,3.4489848613739014,3.4489848613739014,,,
5,123349,,3.1525957584381104,3.1525957584381104,,,
5,123399,,1.257646918296814,1.257646918296814,,,
5,123449,,2.733797073364258,2.733797073364258,,,
5,123499,,1.6770113706588745,1.6770113706588745,,,
5,123549,,0.8251460790634155,0.8251460790634155,,,
5,123599,,1.7777737379074097,1.7777737379074097,,,
5,123649,,3.320603370666504,3.320603370666504,,,
5,123699,,3.696864128112793,3.696864128112793,,,
5,123749,,3.316744089126587,3.316744089126587,,,
5,123799,,3.1405186653137207,3.1405186653137207,,,
5,123849,,2.0930356979370117,2.0930356979370117,,,
5,123899,,4.3679304122924805,4.3679304122924805,,,
5,123949,,2.788783073425293,2.788783073425293,,,
5,123999,,3.3200554847717285,3.3200554847717285,,,
5,124049,,3.8285346031188965,3.8285346031188965,,,
5,124099,,2.2113895416259766,2.2113895416259766,,,
5,124149,,1.845520257949829,1.845520257949829,,,
5,124199,,2.328432559967041,2.328432559967041,,,
5,124249,,1.9217352867126465,1.9217352867126465,,,
5,124299,,0.3406597077846527,0.3406597077846527,,,
5,124349,,4.760597229003906,4.760597229003906,,,
5,124399,,2.0436038970947266,2.0436038970947266,,,
5,124449,,3.4213204383850098,3.4213204383850098,,,
5,124499,,1.7882752418518066,1.7882752418518066,,,
5,124549,,3.8135743141174316,3.8135743141174316,,,
5,124599,,2.0630128383636475,2.0630128383636475,,,
5,124649,,2.357295036315918,2.357295036315918,,,
5,124699,,2.3968753814697266,2.3968753814697266,,,
5,124749,,4.842620849609375,4.842620849609375,,,
5,124799,,5.244014739990234,5.244014739990234,,,
5,124849,,1.7529895305633545,1.7529895305633545,,,
5,124899,,2.4075446128845215,2.4075446128845215,,,
5,124949,,2.8932151794433594,2.8932151794433594,,,
5,124999,,0.32784366607666016,0.32784366607666016,,,
5,125049,,4.021545886993408,4.021545886993408,,,
5,125099,,2.361860752105713,2.361860752105713,,,
5,125149,,1.7771366834640503,1.7771366834640503,,,
5,125199,,3.93772554397583,3.93772554397583,,,
5,125249,,0.9833852052688599,0.9833852052688599,,,
5,125299,,1.325655460357666,1.325655460357666,,,
5,125349,,3.077610969543457,3.077610969543457,,,
5,125399,,2.8570234775543213,2.8570234775543213,,,
5,125449,,4.47059440612793,4.47059440612793,,,
5,125499,,2.3978965282440186,2.3978965282440186,,,
5,125549,,1.506066083908081,1.506066083908081,,,
5,125599,,3.6152257919311523,3.6152257919311523,,,
5,125649,,2.0298056602478027,2.0298056602478027,,,
5,125699,,2.6570277214050293,2.6570277214050293,,,
5,125749,,1.5908308029174805,1.5908308029174805,,,
5,125799,,0.042259883135557175,0.042259883135557175,,,
5,125849,,2.545140266418457,2.545140266418457,,,
5,125899,,2.0657734870910645,2.0657734870910645,,,
5,125949,,2.4868385791778564,2.4868385791778564,,,
5,125999,,2.774007558822632,2.774007558822632,,,
5,126049,,2.6380043029785156,2.6380043029785156,,,
5,126099,,1.5812772512435913,1.5812772512435913,,,
5,126149,,1.1984143257141113,1.1984143257141113,,,
5,126199,,3.9448256492614746,3.9448256492614746,,,
5,126249,,0.8638399243354797,0.8638399243354797,,,
5,126299,,3.028209686279297,3.028209686279297,,,
5,126349,,1.2631040811538696,1.2631040811538696,,,
5,126399,,3.6289565563201904,3.6289565563201904,,,
5,126449,,1.6176111698150635,1.6176111698150635,,,
5,126499,,4.42380428314209,4.42380428314209,,,
5,126549,,5.716342926025391,5.716342926025391,,,
5,126599,,2.507028579711914,2.507028579711914,,,
5,126649,,3.4249765872955322,3.4249765872955322,,,
5,126699,,1.9159507751464844,1.9159507751464844,,,
5,126749,,2.7917308807373047,2.7917308807373047,,,
5,126799,,2.246305227279663,2.246305227279663,,,
5,126849,,2.0164475440979004,2.0164475440979004,,,
5,126899,,2.571741819381714,2.571741819381714,,,
5,126949,,2.4311764240264893,2.4311764240264893,,,
5,126999,,2.7861714363098145,2.7861714363098145,,,
5,127049,,1.3644088506698608,1.3644088506698608,,,
5,127099,,1.563098669052124,1.563098669052124,,,
5,127149,,0.6272825002670288,0.6272825002670288,,,
5,127199,,1.9364334344863892,1.9364334344863892,,,
5,127249,,2.625927448272705,2.625927448272705,,,
5,127299,,2.8606789112091064,2.8606789112091064,,,
5,127349,,3.4998316764831543,3.4998316764831543,,,
5,127399,,1.8613333702087402,1.8613333702087402,,,
5,127449,,2.2312657833099365,2.2312657833099365,,,
5,127499,,2.8345706462860107,2.8345706462860107,,,
5,127549,,1.6596527099609375,1.6596527099609375,,,
5,127599,,1.8641693592071533,1.8641693592071533,,,
5,127649,,2.739248752593994,2.739248752593994,,,
5,127699,,2.872300863265991,2.872300863265991,,,
5,127749,,1.9028253555297852,1.9028253555297852,,,
5,127799,,1.3320682048797607,1.3320682048797607,,,
5,127849,,4.527809143066406,4.527809143066406,,,
5,127899,,0.9882487058639526,0.9882487058639526,,,
5,127949,,3.4017229080200195,3.4017229080200195,,,
5,127999,,1.9758265018463135,1.9758265018463135,,,
5,128049,,2.970193386077881,2.970193386077881,,,
5,128099,,2.7950644493103027,2.7950644493103027,,,
5,128149,,2.1980032920837402,2.1980032920837402,,,
5,128199,,3.9655542373657227,3.9655542373657227,,,
5,128249,,2.7406182289123535,2.7406182289123535,,,
5,128299,,1.6534448862075806,1.6534448862075806,,,
5,128349,,2.013640880584717,2.013640880584717,,,
5,128399,,1.8517582416534424,1.8517582416534424,,,
5,128449,,3.33251953125,3.33251953125,,,
5,128499,,1.7456738948822021,1.7456738948822021,,,
5,128549,,2.1451776027679443,2.1451776027679443,,,
5,128599,,1.3175048828125,1.3175048828125,,,
5,128649,,4.237681865692139,4.237681865692139,,,
5,128699,,2.472465991973877,2.472465991973877,,,
5,128749,,2.2484591007232666,2.2484591007232666,,,
5,128799,,1.0932658910751343,1.0932658910751343,,,
5,128849,,1.759697437286377,1.759697437286377,,,
5,128899,,2.4226973056793213,2.4226973056793213,,,
5,128949,,1.613236427307129,1.613236427307129,,,
5,128999,,2.530339241027832,2.530339241027832,,,
5,129049,,1.9966914653778076,1.9966914653778076,,,
5,129099,,2.618053674697876,2.618053674697876,,,
5,129149,,1.7459551095962524,1.7459551095962524,,,
5,129199,,2.9501242637634277,2.9501242637634277,,,
5,129249,,0.7943745851516724,0.7943745851516724,,,
5,129299,,3.562755823135376,3.562755823135376,,,
5,129349,,2.094667434692383,2.094667434692383,,,
5,129399,,0.2044157087802887,0.2044157087802887,,,
5,129449,,2.5318801403045654,2.5318801403045654,,,
5,129499,,2.680577516555786,2.680577516555786,,,
5,129549,,2.6956725120544434,2.6956725120544434,,,
5,129599,,3.6580810546875,3.6580810546875,,,
5,129649,,3.836887836456299,3.836887836456299,,,
5,129699,,3.0739853382110596,3.0739853382110596,,,
5,129749,,2.3846559524536133,2.3846559524536133,,,
5,129799,,4.293002605438232,4.293002605438232,,,
5,129849,,5.039011001586914,5.039011001586914,,,
5,129899,,3.378159999847412,3.378159999847412,,,
5,129949,,3.7791028022766113,3.7791028022766113,,,
5,129999,,2.7547740936279297,2.7547740936279297,,,
5,130049,,3.804159641265869,3.804159641265869,,,
5,130099,,1.830040693283081,1.830040693283081,,,
5,130149,,3.2538294792175293,3.2538294792175293,,,
5,130199,,1.6994696855545044,1.6994696855545044,,,
5,130249,,3.1989588737487793,3.1989588737487793,,,
5,130299,,2.255582094192505,2.255582094192505,,,
5,130349,,1.8065860271453857,1.8065860271453857,,,
5,130399,,3.7889175415039062,3.7889175415039062,,,
5,130449,,1.8074908256530762,1.8074908256530762,,,
5,130499,,4.09047794342041,4.09047794342041,,,
5,130549,,0.612659215927124,0.612659215927124,,,
5,130599,,4.563826560974121,4.563826560974121,,,
5,130649,,1.6699717044830322,1.6699717044830322,,,
5,130699,,1.5980591773986816,1.5980591773986816,,,
5,130749,,4.06413459777832,4.06413459777832,,,
5,130799,,2.040679931640625,2.040679931640625,,,
5,130849,,2.169595241546631,2.169595241546631,,,
5,130899,,2.3714823722839355,2.3714823722839355,,,
5,130949,,3.8850295543670654,3.8850295543670654,,,
5,130999,,3.4301631450653076,3.4301631450653076,,,
5,131049,,2.173278331756592,2.173278331756592,,,
5,131099,,2.832707166671753,2.832707166671753,,,
5,131149,,3.5080461502075195,3.5080461502075195,,,
5,131199,,4.17249870300293,4.17249870300293,,,
5,131249,,1.326454758644104,1.326454758644104,,,
5,131299,,3.6565678119659424,3.6565678119659424,,,
5,131349,,2.7703137397766113,2.7703137397766113,,,
5,131399,,2.7892866134643555,2.7892866134643555,,,
5,131449,,2.3036434650421143,2.3036434650421143,,,
5,131499,,2.0185139179229736,2.0185139179229736,,,
5,131549,,2.1319384574890137,2.1319384574890137,,,
5,131599,,5.024775505065918,5.024775505065918,,,
5,131649,,1.9339221715927124,1.9339221715927124,,,
5,131699,,4.584431171417236,4.584431171417236,,,
5,131749,,2.0565295219421387,2.0565295219421387,,,
5,131799,,1.3383725881576538,1.3383725881576538,,,
5,131849,,1.4752538204193115,1.4752538204193115,,,
5,131899,,1.9447526931762695,1.9447526931762695,,,
5,131949,,4.212229251861572,4.212229251861572,,,
5,131999,,1.6282291412353516,1.6282291412353516,,,
5,132049,,1.568220615386963,1.568220615386963,,,
5,132099,,3.135352849960327,3.135352849960327,,,
5,132149,,2.7451798915863037,2.7451798915863037,,,
5,132199,,1.3690104484558105,1.3690104484558105,,,
5,132249,,3.247931957244873,3.247931957244873,,,
5,132299,,2.4101762771606445,2.4101762771606445,,,
5,132349,,2.6439456939697266,2.6439456939697266,,,
5,132399,,3.957001209259033,3.957001209259033,,,
5,132449,,2.7961266040802,2.7961266040802,,,
5,132499,,1.290389895439148,1.290389895439148,,,
5,132549,,0.9648839831352234,0.9648839831352234,,,
5,132599,,0.7258198261260986,0.7258198261260986,,,
5,132649,,2.1021041870117188,2.1021041870117188,,,
5,132699,,1.5281850099563599,1.5281850099563599,,,
5,132749,,2.5036778450012207,2.5036778450012207,,,
5,132799,,4.123584747314453,4.123584747314453,,,
5,132849,,2.09808611869812,2.09808611869812,,,
5,132899,,0.04143767058849335,0.04143767058849335,,,
5,132949,,2.683837652206421,2.683837652206421,,,
5,132999,,2.984964370727539,2.984964370727539,,,
5,133049,,3.3064017295837402,3.3064017295837402,,,
5,133099,,3.8176376819610596,3.8176376819610596,,,
5,133149,,1.7244666814804077,1.7244666814804077,,,
5,133199,,2.581699848175049,2.581699848175049,,,
5,133249,,5.438632965087891,5.438632965087891,,,
5,133299,,3.767388343811035,3.767388343811035,,,
5,133349,,2.4664342403411865,2.4664342403411865,,,
5,133399,,2.7753138542175293,2.7753138542175293,,,
5,133449,,1.8047122955322266,1.8047122955322266,,,
5,133499,,2.007009506225586,2.007009506225586,,,
5,133549,,4.073362827301025,4.073362827301025,,,
5,133599,,3.6461329460144043,3.6461329460144043,,,
5,133649,,2.08970308303833,2.08970308303833,,,
5,133699,,2.106773853302002,2.106773853302002,,,
5,133749,,2.887152910232544,2.887152910232544,,,
5,133799,,2.5434036254882812,2.5434036254882812,,,
5,133849,,1.8065497875213623,1.8065497875213623,,,
5,133899,,4.41182279586792,4.41182279586792,,,
5,133949,,2.3400866985321045,2.3400866985321045,,,
5,133999,,3.276580572128296,3.276580572128296,,,
5,134049,,2.469667673110962,2.469667673110962,,,
5,134099,,2.918727397918701,2.918727397918701,,,
5,134149,,0.22924070060253143,0.22924070060253143,,,
5,134199,,2.6404471397399902,2.6404471397399902,,,
5,134249,,1.9981248378753662,1.9981248378753662,,,
5,134299,,2.3879101276397705,2.3879101276397705,,,
5,134349,,2.0007057189941406,2.0007057189941406,,,
5,134399,,1.1943867206573486,1.1943867206573486,,,
5,134449,,3.3026041984558105,3.3026041984558105,,,
5,134499,,2.4928605556488037,2.4928605556488037,,,
5,134549,,3.3792052268981934,3.3792052268981934,,,
5,134599,,2.472104549407959,2.472104549407959,,,
5,134649,,2.7689461708068848,2.7689461708068848,,,
5,134699,,4.574545383453369,4.574545383453369,,,
5,134749,,2.2294135093688965,2.2294135093688965,,,
5,134799,,1.4247081279754639,1.4247081279754639,,,
5,134849,,3.194920539855957,3.194920539855957,,,
5,134899,,1.2206748723983765,1.2206748723983765,,,
5,134949,,2.6954705715179443,2.6954705715179443,,,
5,134999,,0.9622730016708374,0.9622730016708374,,,
5,135049,,0.1056906133890152,0.1056906133890152,,,
5,135099,,2.9071567058563232,2.9071567058563232,,,
5,135149,,0.08603888750076294,0.08603888750076294,,,
5,135199,,2.3626291751861572,2.3626291751861572,,,
5,135249,,3.0989537239074707,3.0989537239074707,,,
5,135299,,1.7793200016021729,1.7793200016021729,,,
5,135349,,2.8631832599639893,2.8631832599639893,,,
5,135399,,1.349162220954895,1.349162220954895,,,
5,135449,,1.122112512588501,1.122112512588501,,,
5,135499,,3.378024101257324,3.378024101257324,,,
5,135549,,2.493488073348999,2.493488073348999,,,
5,135599,,4.213855743408203,4.213855743408203,,,
5,135649,,2.7035071849823,2.7035071849823,,,
5,135699,,2.063964366912842,2.063964366912842,,,
5,135749,,2.3091611862182617,2.3091611862182617,,,
5,135799,,3.271583080291748,3.271583080291748,,,
5,135849,,3.214031219482422,3.214031219482422,,,
5,135899,,1.3944661617279053,1.3944661617279053,,,
5,135949,,2.144479751586914,2.144479751586914,,,
5,135999,,2.9587671756744385,2.9587671756744385,,,
5,136049,,2.000777244567871,2.000777244567871,,,
5,136099,,2.1219823360443115,2.1219823360443115,,,
5,136149,,5.177469730377197,5.177469730377197,,,
5,136199,,2.6775128841400146,2.6775128841400146,,,
5,136249,,3.11007022857666,3.11007022857666,,,
5,136299,,2.652827501296997,2.652827501296997,,,
5,136349,,2.2348220348358154,2.2348220348358154,,,
5,136399,,0.09637164324522018,0.09637164324522018,,,
5,136449,,2.273772954940796,2.273772954940796,,,
5,136499,,3.9134347438812256,3.9134347438812256,,,
5,136549,,2.719209671020508,2.719209671020508,,,
5,136599,,0.7994341850280762,0.7994341850280762,,,
5,136649,,3.0695886611938477,3.0695886611938477,,,
5,136699,,2.276339530944824,2.276339530944824,,,
5,136749,,3.1147661209106445,3.1147661209106445,,,
5,136799,,2.796332597732544,2.796332597732544,,,
5,136849,,0.11847791820764542,0.11847791820764542,,,
5,136899,,2.3003742694854736,2.3003742694854736,,,
5,136949,,1.7572956085205078,1.7572956085205078,,,
5,136999,,1.5666837692260742,1.5666837692260742,,,
5,137049,,1.1372644901275635,1.1372644901275635,,,
5,137099,,2.8001883029937744,2.8001883029937744,,,
5,137149,,2.5610909461975098,2.5610909461975098,,,
5,137199,,1.9441598653793335,1.9441598653793335,,,
5,137249,,2.471203327178955,2.471203327178955,,,
5,137299,,2.8007946014404297,2.8007946014404297,,,
5,137349,,1.0360102653503418,1.0360102653503418,,,
5,137399,,0.9254006147384644,0.9254006147384644,,,
5,137449,,3.4419338703155518,3.4419338703155518,,,
5,137499,,5.1001482009887695,5.1001482009887695,,,
5,137549,,0.21786914765834808,0.21786914765834808,,,
5,137599,,2.032921314239502,2.032921314239502,,,
5,137649,,2.762322187423706,2.762322187423706,,,
5,137699,,3.242251396179199,3.242251396179199,,,
5,137749,,1.2820429801940918,1.2820429801940918,,,
5,137799,,0.06451600790023804,0.06451600790023804,,,
5,137849,,0.8520891666412354,0.8520891666412354,,,
5,137899,,2.7130239009857178,2.7130239009857178,,,
5,137949,,3.093146800994873,3.093146800994873,,,
5,137999,,5.210229396820068,5.210229396820068,,,
5,138049,,3.540062427520752,3.540062427520752,,,
5,138099,,0.8757674694061279,0.8757674694061279,,,
5,138149,,3.0815393924713135,3.0815393924713135,,,
5,138199,,2.3008320331573486,2.3008320331573486,,,
5,138249,,3.3999719619750977,3.3999719619750977,,,
5,138299,,0.5596025586128235,0.5596025586128235,,,
5,138349,,1.6780701875686646,1.6780701875686646,,,
5,138399,,0.7638691067695618,0.7638691067695618,,,
5,138449,,1.3592463731765747,1.3592463731765747,,,
5,138499,,4.820542812347412,4.820542812347412,,,
5,138549,,2.7793140411376953,2.7793140411376953,,,
5,138599,,1.7541091442108154,1.7541091442108154,,,
5,138649,,2.6898133754730225,2.6898133754730225,,,
5,138699,,2.9082770347595215,2.9082770347595215,,,
5,138749,,2.4149394035339355,2.4149394035339355,,,
5,138799,,4.153825759887695,4.153825759887695,,,
5,138849,,1.267587661743164,1.267587661743164,,,
5,138899,,1.418701410293579,1.418701410293579,,,
5,138949,,1.2626159191131592,1.2626159191131592,,,
5,138999,,3.4801716804504395,3.4801716804504395,,,
5,139049,,1.8372094631195068,1.8372094631195068,,,
5,139099,,3.0521576404571533,3.0521576404571533,,,
5,139149,,3.0394515991210938,3.0394515991210938,,,
5,139199,,1.3432834148406982,1.3432834148406982,,,
5,139249,,1.7541084289550781,1.7541084289550781,,,
5,139299,,4.342596054077148,4.342596054077148,,,
5,139349,,2.3787078857421875,2.3787078857421875,,,
5,139399,,1.4991992712020874,1.4991992712020874,,,
5,139449,,2.1033432483673096,2.1033432483673096,,,
5,139499,,0.7789596915245056,0.7789596915245056,,,
5,139549,,4.616635799407959,4.616635799407959,,,
5,139599,,2.734586238861084,2.734586238861084,,,
5,139649,,3.540851354598999,3.540851354598999,,,
5,139699,,2.7078857421875,2.7078857421875,,,
5,139749,,2.6318607330322266,2.6318607330322266,,,
5,139799,,0.8190871477127075,0.8190871477127075,,,
5,139849,,1.3988972902297974,1.3988972902297974,,,
5,139899,,3.3108973503112793,3.3108973503112793,,,
5,139949,,4.5523881912231445,4.5523881912231445,,,
5,139999,,1.297385573387146,1.297385573387146,,,
5,140049,,1.5973540544509888,1.5973540544509888,,,
5,140099,,2.7280585765838623,2.7280585765838623,,,
5,140149,,2.502971887588501,2.502971887588501,,,
5,140199,,2.2791640758514404,2.2791640758514404,,,
5,140249,,1.8456388711929321,1.8456388711929321,,,
5,140299,,5.100687503814697,5.100687503814697,,,
5,140349,,3.159667730331421,3.159667730331421,,,
5,140399,,2.6075661182403564,2.6075661182403564,,,
5,140449,,2.772874593734741,2.772874593734741,,,
5,140499,,3.122695207595825,3.122695207595825,,,
5,140549,,6.152495384216309,6.152495384216309,,,
5,140599,,0.6934280395507812,0.6934280395507812,,,
5,140649,,2.0389039516448975,2.0389039516448975,,,
5,140699,,3.3428728580474854,3.3428728580474854,,,
5,140749,,0.9591183662414551,0.9591183662414551,,,
5,140799,,3.009787082672119,3.009787082672119,,,
5,140849,,2.1136374473571777,2.1136374473571777,,,
5,140899,,3.0340137481689453,3.0340137481689453,,,
5,140949,,1.0472095012664795,1.0472095012664795,,,
5,140999,,2.672797203063965,2.672797203063965,,,
5,141049,,2.9875712394714355,2.9875712394714355,,,
5,141099,,2.6043314933776855,2.6043314933776855,,,
5,141149,,1.927351951599121,1.927351951599121,,,
5,141199,,3.2870945930480957,3.2870945930480957,,,
5,141249,,2.898977041244507,2.898977041244507,,,
5,141299,,1.8227121829986572,1.8227121829986572,,,
5,141349,,1.3473438024520874,1.3473438024520874,,,
5,141399,,1.9233518838882446,1.9233518838882446,,,
5,141449,,2.669468402862549,2.669468402862549,,,
5,141499,,2.643678665161133,2.643678665161133,,,
5,141549,,2.826796770095825,2.826796770095825,,,
5,141599,,2.51560115814209,2.51560115814209,,,
5,141649,,0.9881191849708557,0.9881191849708557,,,
5,141699,,3.030261516571045,3.030261516571045,,,
5,141749,,1.6910996437072754,1.6910996437072754,,,
5,141799,,1.2296931743621826,1.2296931743621826,,,
5,141849,,4.092131614685059,4.092131614685059,,,
5,141899,,1.498619794845581,1.498619794845581,,,
5,141949,,1.8283683061599731,1.8283683061599731,,,
5,141999,,2.831481695175171,2.831481695175171,,,
5,142049,,5.449263572692871,5.449263572692871,,,
5,142099,,2.200774669647217,2.200774669647217,,,
5,142149,,1.9891773462295532,1.9891773462295532,,,
5,142199,,3.333724021911621,3.333724021911621,,,
5,142249,,1.273714542388916,1.273714542388916,,,
5,142299,,2.8909335136413574,2.8909335136413574,,,
5,142349,,2.4923133850097656,2.4923133850097656,,,
5,142399,,1.0493439435958862,1.0493439435958862,,,
5,142449,,0.9178965091705322,0.9178965091705322,,,
5,142499,,3.049988031387329,3.049988031387329,,,
5,142549,,2.603886604309082,2.603886604309082,,,
5,142599,,2.241084098815918,2.241084098815918,,,
5,142649,,3.260016441345215,3.260016441345215,,,
5,142699,,2.0336203575134277,2.0336203575134277,,,
5,142749,,1.189888596534729,1.189888596534729,,,
5,142799,,1.0455331802368164,1.0455331802368164,,,
5,142849,,0.7923874258995056,0.7923874258995056,,,
5,142899,,1.2611008882522583,1.2611008882522583,,,
5,142949,,1.516842246055603,1.516842246055603,,,
5,142999,,2.550546169281006,2.550546169281006,,,
5,143049,,2.5022683143615723,2.5022683143615723,,,
5,143099,,1.5038657188415527,1.5038657188415527,,,
5,143149,,2.6687252521514893,2.6687252521514893,,,
5,143199,,3.0340046882629395,3.0340046882629395,,,
5,143249,,1.2346800565719604,1.2346800565719604,,,
5,143299,,1.098690390586853,1.098690390586853,,,
5,143349,,1.6736501455307007,1.6736501455307007,,,
5,143399,,4.392438888549805,4.392438888549805,,,
5,143449,,1.6599239110946655,1.6599239110946655,,,
5,143499,,2.8757874965667725,2.8757874965667725,,,
5,143549,,3.0833961963653564,3.0833961963653564,,,
5,143599,,2.8638997077941895,2.8638997077941895,,,
5,143649,,3.018944263458252,3.018944263458252,,,
5,143699,,2.277317523956299,2.277317523956299,,,
5,143749,,2.7207534313201904,2.7207534313201904,,,
5,143799,,2.8156447410583496,2.8156447410583496,,,
5,143849,,2.3034160137176514,2.3034160137176514,,,
5,143899,,1.9869252443313599,1.9869252443313599,,,
5,143949,,3.65840744972229,3.65840744972229,,,
5,143999,,2.147549629211426,2.147549629211426,,,
5,143999,,,,3.028104066848755,3.028104066848755,3.028104066848755
5,143999,2.566894769668579,,,,,
6,144049,,2.803784132003784,2.803784132003784,,,
6,144099,,3.7266831398010254,3.7266831398010254,,,
6,144149,,2.119791030883789,2.119791030883789,,,
6,144199,,2.570568799972534,2.570568799972534,,,
6,144249,,2.6330113410949707,2.6330113410949707,,,
6,144299,,1.986749291419983,1.986749291419983,,,
6,144349,,5.995450973510742,5.995450973510742,,,
6,144399,,2.6143100261688232,2.6143100261688232,,,
6,144449,,0.7058230638504028,0.7058230638504028,,,
6,144499,,3.7781779766082764,3.7781779766082764,,,
6,144549,,2.6625521183013916,2.6625521183013916,,,
6,144599,,2.3493990898132324,2.3493990898132324,,,
6,144649,,1.8931586742401123,1.8931586742401123,,,
6,144699,,3.142902374267578,3.142902374267578,,,
6,144749,,1.8975907564163208,1.8975907564163208,,,
6,144799,,3.1251142024993896,3.1251142024993896,,,
6,144849,,2.2204437255859375,2.2204437255859375,,,
6,144899,,2.5624136924743652,2.5624136924743652,,,
6,144949,,2.4426281452178955,2.4426281452178955,,,
6,144999,,2.5111212730407715,2.5111212730407715,,,
6,145049,,3.127720594406128,3.127720594406128,,,
6,145099,,1.95891535282135,1.95891535282135,,,
6,145149,,2.7762138843536377,2.7762138843536377,,,
6,145199,,3.0923118591308594,3.0923118591308594,,,
6,145249,,1.814481496810913,1.814481496810913,,,
6,145299,,1.5259668827056885,1.5259668827056885,,,
6,145349,,2.833014488220215,2.833014488220215,,,
6,145399,,3.0102109909057617,3.0102109909057617,,,
6,145449,,2.4348385334014893,2.4348385334014893,,,
6,145499,,2.4189956188201904,2.4189956188201904,,,
6,145549,,1.2206298112869263,1.2206298112869263,,,
6,145599,,1.9086776971817017,1.9086776971817017,,,
6,145649,,1.2454230785369873,1.2454230785369873,,,
6,145699,,3.0185604095458984,3.0185604095458984,,,
6,145749,,2.8646700382232666,2.8646700382232666,,,
6,145799,,1.317671298980713,1.317671298980713,,,
6,145849,,2.3461875915527344,2.3461875915527344,,,
6,145899,,2.325450897216797,2.325450897216797,,,
6,145949,,4.02208948135376,4.02208948135376,,,
6,145999,,1.7578556537628174,1.7578556537628174,,,
6,146049,,2.2854115962982178,2.2854115962982178,,,
6,146099,,3.147956132888794,3.147956132888794,,,
6,146149,,1.8240337371826172,1.8240337371826172,,,
6,146199,,2.4468369483947754,2.4468369483947754,,,
6,146249,,1.3017390966415405,1.3017390966415405,,,
6,146299,,2.0991764068603516,2.0991764068603516,,,
6,146349,,1.126786708831787,1.126786708831787,,,
6,146399,,2.788449287414551,2.788449287414551,,,
6,146449,,6.118928909301758,6.118928909301758,,,
6,146499,,1.8697625398635864,1.8697625398635864,,,
6,146549,,3.5149288177490234,3.5149288177490234,,,
6,146599,,1.9690953493118286,1.9690953493118286,,,
6,146649,,2.6698341369628906,2.6698341369628906,,,
6,146699,,1.1471883058547974,1.1471883058547974,,,
6,146749,,4.001909255981445,4.001909255981445,,,
6,146799,,3.9925179481506348,3.9925179481506348,,,
6,146849,,1.8353612422943115,1.8353612422943115,,,
6,146899,,3.094129800796509,3.094129800796509,,,
6,146949,,1.9318256378173828,1.9318256378173828,,,
6,146999,,0.5300091505050659,0.5300091505050659,,,
6,147049,,1.7409080266952515,1.7409080266952515,,,
6,147099,,1.8998314142227173,1.8998314142227173,,,
6,147149,,0.5087124705314636,0.5087124705314636,,,
6,147199,,5.338172912597656,5.338172912597656,,,
6,147249,,3.69882869720459,3.69882869720459,,,
6,147299,,2.0991594791412354,2.0991594791412354,,,
6,147349,,2.9531331062316895,2.9531331062316895,,,
6,147399,,3.0022854804992676,3.0022854804992676,,,
6,147449,,3.2091362476348877,3.2091362476348877,,,
6,147499,,2.221139669418335,2.221139669418335,,,
6,147549,,3.31717848777771,3.31717848777771,,,
6,147599,,2.1155078411102295,2.1155078411102295,,,
6,147649,,2.100815534591675,2.100815534591675,,,
6,147699,,0.6057721972465515,0.6057721972465515,,,
6,147749,,2.098813056945801,2.098813056945801,,,
6,147799,,3.3564612865448,3.3564612865448,,,
6,147849,,2.7489967346191406,2.7489967346191406,,,
6,147899,,1.7008392810821533,1.7008392810821533,,,
6,147949,,1.4968782663345337,1.4968782663345337,,,
6,147999,,1.5954686403274536,1.5954686403274536,,,
6,148049,,0.05282555893063545,0.05282555893063545,,,
6,148099,,1.9841997623443604,1.9841997623443604,,,
6,148149,,3.921593189239502,3.921593189239502,,,
6,148199,,0.8052168488502502,0.8052168488502502,,,
6,148249,,2.804197072982788,2.804197072982788,,,
6,148299,,2.357792377471924,2.357792377471924,,,
6,148349,,2.2778091430664062,2.2778091430664062,,,
6,148399,,3.783911943435669,3.783911943435669,,,
6,148449,,4.279846668243408,4.279846668243408,,,
6,148499,,3.1745924949645996,3.1745924949645996,,,
6,148549,,3.481274366378784,3.481274366378784,,,
6,148599,,1.4933490753173828,1.4933490753173828,,,
6,148649,,2.6694273948669434,2.6694273948669434,,,
6,148699,,1.3999736309051514,1.3999736309051514,,,
6,148749,,2.290058135986328,2.290058135986328,,,
6,148799,,3.196444034576416,3.196444034576416,,,
6,148849,,3.3464083671569824,3.3464083671569824,,,
6,148899,,3.2714271545410156,3.2714271545410156,,,
6,148949,,2.03411602973938,2.03411602973938,,,
6,148999,,2.931165933609009,2.931165933609009,,,
6,149049,,1.8864835500717163,1.8864835500717163,,,
6,149099,,2.0072999000549316,2.0072999000549316,,,
6,149149,,2.2625365257263184,2.2625365257263184,,,
6,149199,,2.393709182739258,2.393709182739258,,,
6,149249,,3.626943588256836,3.626943588256836,,,
6,149299,,2.9647793769836426,2.9647793769836426,,,
6,149349,,3.482877016067505,3.482877016067505,,,
6,149399,,1.0412110090255737,1.0412110090255737,,,
6,149449,,3.5091958045959473,3.5091958045959473,,,
6,149499,,2.837916612625122,2.837916612625122,,,
6,149549,,3.7428107261657715,3.7428107261657715,,,
6,149599,,3.2736663818359375,3.2736663818359375,,,
6,149649,,2.41155743598938,2.41155743598938,,,
6,149699,,0.07145092636346817,0.07145092636346817,,,
6,149749,,1.3307195901870728,1.3307195901870728,,,
6,149799,,3.5219554901123047,3.5219554901123047,,,
6,149849,,2.320263385772705,2.320263385772705,,,
6,149899,,2.745704174041748,2.745704174041748,,,
6,149949,,2.6001319885253906,2.6001319885253906,,,
6,149999,,3.515544891357422,3.515544891357422,,,
6,150049,,0.9652563333511353,0.9652563333511353,,,
6,150099,,1.6605209112167358,1.6605209112167358,,,
6,150149,,3.3623108863830566,3.3623108863830566,,,
6,150199,,0.40956196188926697,0.40956196188926697,,,
6,150249,,2.882356643676758,2.882356643676758,,,
6,150299,,3.7653098106384277,3.7653098106384277,,,
6,150349,,3.8852779865264893,3.8852779865264893,,,
6,150399,,4.181415557861328,4.181415557861328,,,
6,150449,,4.568058013916016,4.568058013916016,,,
6,150499,,1.6059012413024902,1.6059012413024902,,,
6,150549,,0.2610790729522705,0.2610790729522705,,,
6,150599,,2.6240692138671875,2.6240692138671875,,,
6,150649,,3.0102462768554688,3.0102462768554688,,,
6,150699,,1.9586220979690552,1.9586220979690552,,,
6,150749,,2.5598034858703613,2.5598034858703613,,,
6,150799,,3.700613498687744,3.700613498687744,,,
6,150849,,2.1549882888793945,2.1549882888793945,,,
6,150899,,3.5867886543273926,3.5867886543273926,,,
6,150949,,4.399285316467285,4.399285316467285,,,
6,150999,,4.411571979522705,4.411571979522705,,,
6,151049,,1.8858871459960938,1.8858871459960938,,,
6,151099,,1.3276761770248413,1.3276761770248413,,,
6,151149,,2.7365317344665527,2.7365317344665527,,,
6,151199,,0.9621574282646179,0.9621574282646179,,,
6,151249,,1.8836398124694824,1.8836398124694824,,,
6,151299,,2.203733205795288,2.203733205795288,,,
6,151349,,1.4747388362884521,1.4747388362884521,,,
6,151399,,4.181405544281006,4.181405544281006,,,
6,151449,,3.2837722301483154,3.2837722301483154,,,
6,151499,,1.7876272201538086,1.7876272201538086,,,
6,151549,,0.3705148696899414,0.3705148696899414,,,
6,151599,,2.5456554889678955,2.5456554889678955,,,
6,151649,,2.5634169578552246,2.5634169578552246,,,
6,151699,,3.1988353729248047,3.1988353729248047,,,
6,151749,,2.7226481437683105,2.7226481437683105,,,
6,151799,,1.6309467554092407,1.6309467554092407,,,
6,151849,,4.8714280128479,4.8714280128479,,,
6,151899,,3.3016109466552734,3.3016109466552734,,,
6,151949,,3.0151023864746094,3.0151023864746094,,,
6,151999,,4.440992832183838,4.440992832183838,,,
6,152049,,1.686410903930664,1.686410903930664,,,
6,152099,,2.8109617233276367,2.8109617233276367,,,
6,152149,,1.795456051826477,1.795456051826477,,,
6,152199,,2.5018255710601807,2.5018255710601807,,,
6,152249,,4.711912155151367,4.711912155151367,,,
6,152299,,0.22396470606327057,0.22396470606327057,,,
6,152349,,1.5079201459884644,1.5079201459884644,,,
6,152399,,4.113435745239258,4.113435745239258,,,
6,152449,,4.905803680419922,4.905803680419922,,,
6,152499,,2.4788448810577393,2.4788448810577393,,,
6,152549,,3.123854637145996,3.123854637145996,,,
6,152599,,2.036043167114258,2.036043167114258,,,
6,152649,,2.544650077819824,2.544650077819824,,,
6,152699,,2.881563663482666,2.881563663482666,,,
6,152749,,2.073745012283325,2.073745012283325,,,
6,152799,,2.109964370727539,2.109964370727539,,,
6,152849,,4.5873870849609375,4.5873870849609375,,,
6,152899,,5.355721950531006,5.355721950531006,,,
6,152949,,3.6964235305786133,3.6964235305786133,,,
6,152999,,2.7848336696624756,2.7848336696624756,,,
6,153049,,2.1349716186523438,2.1349716186523438,,,
6,153099,,2.381443977355957,2.381443977355957,,,
6,153149,,3.5905814170837402,3.5905814170837402,,,
6,153199,,2.3587684631347656,2.3587684631347656,,,
6,153249,,2.6809868812561035,2.6809868812561035,,,
6,153299,,2.5313942432403564,2.5313942432403564,,,
6,153349,,2.045166492462158,2.045166492462158,,,
6,153399,,1.3838844299316406,1.3838844299316406,,,
6,153449,,0.4887354373931885,0.4887354373931885,,,
6,153499,,1.8478244543075562,1.8478244543075562,,,
6,153549,,0.08572745323181152,0.08572745323181152,,,
6,153599,,1.9873709678649902,1.9873709678649902,,,
6,153649,,2.1545214653015137,2.1545214653015137,,,
6,153699,,1.5542473793029785,1.5542473793029785,,,
6,153749,,4.0498046875,4.0498046875,,,
6,153799,,1.767055869102478,1.767055869102478,,,
6,153849,,2.4433746337890625,2.4433746337890625,,,
6,153899,,2.1433944702148438,2.1433944702148438,,,
6,153949,,3.2337565422058105,3.2337565422058105,,,
6,153999,,2.3143770694732666,2.3143770694732666,,,
6,154049,,2.5112626552581787,2.5112626552581787,,,
6,154099,,2.6438868045806885,2.6438868045806885,,,
6,154149,,1.6870274543762207,1.6870274543762207,,,
6,154199,,3.3634722232818604,3.3634722232818604,,,
6,154249,,3.5409069061279297,3.5409069061279297,,,
6,154299,,2.4879674911499023,2.4879674911499023,,,
6,154349,,3.2118000984191895,3.2118000984191895,,,
6,154399,,1.1764830350875854,1.1764830350875854,,,
6,154449,,1.4761996269226074,1.4761996269226074,,,
6,154499,,2.3175344467163086,2.3175344467163086,,,
6,154549,,2.2567429542541504,2.2567429542541504,,,
6,154599,,2.295151472091675,2.295151472091675,,,
6,154649,,1.0779634714126587,1.0779634714126587,,,
6,154699,,2.5256032943725586,2.5256032943725586,,,
6,154749,,1.5523532629013062,1.5523532629013062,,,
6,154799,,1.3398643732070923,1.3398643732070923,,,
6,154849,,1.9274593591690063,1.9274593591690063,,,
6,154899,,3.1180100440979004,3.1180100440979004,,,
6,154949,,2.4737370014190674,2.4737370014190674,,,
6,154999,,1.5757927894592285,1.5757927894592285,,,
6,155049,,1.601175308227539,1.601175308227539,,,
6,155099,,2.6784534454345703,2.6784534454345703,,,
6,155149,,2.5520379543304443,2.5520379543304443,,,
6,155199,,3.2845582962036133,3.2845582962036133,,,
6,155249,,1.9842867851257324,1.9842867851257324,,,
6,155299,,1.8890141248703003,1.8890141248703003,,,
6,155349,,1.3675450086593628,1.3675450086593628,,,
6,155399,,2.8233726024627686,2.8233726024627686,,,
6,155449,,2.8923959732055664,2.8923959732055664,,,
6,155499,,2.8036811351776123,2.8036811351776123,,,
6,155549,,2.153085231781006,2.153085231781006,,,
6,155599,,1.890306830406189,1.890306830406189,,,
6,155649,,2.1866955757141113,2.1866955757141113,,,
6,155699,,1.3730376958847046,1.3730376958847046,,,
6,155749,,2.1476688385009766,2.1476688385009766,,,
6,155799,,3.144016981124878,3.144016981124878,,,
6,155849,,1.6249719858169556,1.6249719858169556,,,
6,155899,,0.3936198353767395,0.3936198353767395,,,
6,155949,,0.9524805545806885,0.9524805545806885,,,
6,155999,,2.8901937007904053,2.8901937007904053,,,
6,156049,,2.999007225036621,2.999007225036621,,,
6,156099,,2.7096028327941895,2.7096028327941895,,,
6,156149,,3.1609439849853516,3.1609439849853516,,,
6,156199,,2.6104133129119873,2.6104133129119873,,,
6,156249,,1.350327730178833,1.350327730178833,,,
6,156299,,3.034193515777588,3.034193515777588,,,
6,156349,,4.397934436798096,4.397934436798096,,,
6,156399,,2.8475747108459473,2.8475747108459473,,,
6,156449,,2.725879430770874,2.725879430770874,,,
6,156499,,2.483877182006836,2.483877182006836,,,
6,156549,,1.99190092086792,1.99190092086792,,,
6,156599,,1.423636555671692,1.423636555671692,,,
6,156649,,0.3621023893356323,0.3621023893356323,,,
6,156699,,1.680346965789795,1.680346965789795,,,
6,156749,,2.6210122108459473,2.6210122108459473,,,
6,156799,,1.1139578819274902,1.1139578819274902,,,
6,156849,,1.8306357860565186,1.8306357860565186,,,
6,156899,,2.560486078262329,2.560486078262329,,,
6,156949,,1.9991661310195923,1.9991661310195923,,,
6,156999,,1.0859911441802979,1.0859911441802979,,,
6,157049,,2.3578920364379883,2.3578920364379883,,,
6,157099,,2.0746002197265625,2.0746002197265625,,,
6,157149,,1.3063009977340698,1.3063009977340698,,,
6,157199,,1.9427653551101685,1.9427653551101685,,,
6,157249,,2.472555160522461,2.472555160522461,,,
6,157299,,1.3313024044036865,1.3313024044036865,,,
6,157349,,2.4901256561279297,2.4901256561279297,,,
6,157399,,2.0227413177490234,2.0227413177490234,,,
6,157449,,2.0189261436462402,2.0189261436462402,,,
6,157499,,2.591628313064575,2.591628313064575,,,
6,157549,,2.5105948448181152,2.5105948448181152,,,
6,157599,,1.559901237487793,1.559901237487793,,,
6,157649,,2.232184410095215,2.232184410095215,,,
6,157699,,2.8451921939849854,2.8451921939849854,,,
6,157749,,3.7534894943237305,3.7534894943237305,,,
6,157799,,1.4979488849639893,1.4979488849639893,,,
6,157849,,1.493099331855774,1.493099331855774,,,
6,157899,,3.5800423622131348,3.5800423622131348,,,
6,157949,,6.037212371826172,6.037212371826172,,,
6,157999,,2.4217965602874756,2.4217965602874756,,,
6,158049,,3.5671541690826416,3.5671541690826416,,,
6,158099,,1.4325612783432007,1.4325612783432007,,,
6,158149,,1.7885262966156006,1.7885262966156006,,,
6,158199,,1.458430528640747,1.458430528640747,,,
6,158249,,1.1639753580093384,1.1639753580093384,,,
6,158299,,3.7379298210144043,3.7379298210144043,,,
6,158349,,0.4952198266983032,0.4952198266983032,,,
6,158399,,3.2981536388397217,3.2981536388397217,,,
6,158449,,3.0229949951171875,3.0229949951171875,,,
6,158499,,1.8824694156646729,1.8824694156646729,,,
6,158549,,4.0489959716796875,4.0489959716796875,,,
6,158599,,3.166818618774414,3.166818618774414,,,
6,158649,,2.322922468185425,2.322922468185425,,,
6,158699,,1.9524519443511963,1.9524519443511963,,,
6,158749,,3.1613783836364746,3.1613783836364746,,,
6,158799,,2.7223668098449707,2.7223668098449707,,,
6,158849,,3.1795217990875244,3.1795217990875244,,,
6,158899,,3.296468496322632,3.296468496322632,,,
6,158949,,0.7302800416946411,0.7302800416946411,,,
6,158999,,3.735820770263672,3.735820770263672,,,
6,159049,,1.766356348991394,1.766356348991394,,,
6,159099,,4.132634162902832,4.132634162902832,,,
6,159149,,1.3353012800216675,1.3353012800216675,,,
6,159199,,1.7727922201156616,1.7727922201156616,,,
6,159249,,2.7357780933380127,2.7357780933380127,,,
6,159299,,2.6899454593658447,2.6899454593658447,,,
6,159349,,2.8118889331817627,2.8118889331817627,,,
6,159399,,3.0477423667907715,3.0477423667907715,,,
6,159449,,4.107366561889648,4.107366561889648,,,
6,159499,,3.0126852989196777,3.0126852989196777,,,
6,159549,,0.8062668442726135,0.8062668442726135,,,
6,159599,,1.6058669090270996,1.6058669090270996,,,
6,159649,,3.059910774230957,3.059910774230957,,,
6,159699,,2.734095573425293,2.734095573425293,,,
6,159749,,3.4354565143585205,3.4354565143585205,,,
6,159799,,1.6846506595611572,1.6846506595611572,,,
6,159849,,1.233710527420044,1.233710527420044,,,
6,159899,,1.6276320219039917,1.6276320219039917,,,
6,159949,,1.0631000995635986,1.0631000995635986,,,
6,159999,,2.4056875705718994,2.4056875705718994,,,
6,160049,,0.9615155458450317,0.9615155458450317,,,
6,160099,,1.4171559810638428,1.4171559810638428,,,
6,160149,,1.9311268329620361,1.9311268329620361,,,
6,160199,,2.604189395904541,2.604189395904541,,,
6,160249,,1.5122716426849365,1.5122716426849365,,,
6,160299,,1.2491540908813477,1.2491540908813477,,,
6,160349,,2.903212070465088,2.903212070465088,,,
6,160399,,1.9005146026611328,1.9005146026611328,,,
6,160449,,0.8211604356765747,0.8211604356765747,,,
6,160499,,2.1303937435150146,2.1303937435150146,,,
6,160549,,2.1868896484375,2.1868896484375,,,
6,160599,,2.7167458534240723,2.7167458534240723,,,
6,160649,,4.3822503089904785,4.3822503089904785,,,
6,160699,,2.221343994140625,2.221343994140625,,,
6,160749,,2.879183292388916,2.879183292388916,,,
6,160799,,2.696357488632202,2.696357488632202,,,
6,160849,,1.0790677070617676,1.0790677070617676,,,
6,160899,,3.038799524307251,3.038799524307251,,,
6,160949,,2.1306142807006836,2.1306142807006836,,,
6,160999,,2.9448671340942383,2.9448671340942383,,,
6,161049,,1.818549394607544,1.818549394607544,,,
6,161099,,8.661348342895508,8.661348342895508,,,
6,161149,,2.883293867111206,2.883293867111206,,,
6,161199,,3.2598822116851807,3.2598822116851807,,,
6,161249,,2.5992929935455322,2.5992929935455322,,,
6,161299,,3.168303966522217,3.168303966522217,,,
6,161349,,1.4232474565505981,1.4232474565505981,,,
6,161399,,1.3365188837051392,1.3365188837051392,,,
6,161449,,1.9854662418365479,1.9854662418365479,,,
6,161499,,3.4980251789093018,3.4980251789093018,,,
6,161549,,1.7918000221252441,1.7918000221252441,,,
6,161599,,3.7377517223358154,3.7377517223358154,,,
6,161649,,1.9876348972320557,1.9876348972320557,,,
6,161699,,2.9266891479492188,2.9266891479492188,,,
6,161749,,4.760045528411865,4.760045528411865,,,
6,161799,,1.1919852495193481,1.1919852495193481,,,
6,161849,,2.819638729095459,2.819638729095459,,,
6,161899,,1.9910467863082886,1.9910467863082886,,,
6,161949,,2.3285303115844727,2.3285303115844727,,,
6,161999,,3.8065528869628906,3.8065528869628906,,,
6,162049,,3.492121458053589,3.492121458053589,,,
6,162099,,1.176730751991272,1.176730751991272,,,
6,162149,,2.305363178253174,2.305363178253174,,,
6,162199,,1.8631912469863892,1.8631912469863892,,,
6,162249,,2.102168321609497,2.102168321609497,,,
6,162299,,2.7467212677001953,2.7467212677001953,,,
6,162349,,4.120838165283203,4.120838165283203,,,
6,162399,,2.531403064727783,2.531403064727783,,,
6,162449,,3.561723232269287,3.561723232269287,,,
6,162499,,2.6690120697021484,2.6690120697021484,,,
6,162549,,4.251339912414551,4.251339912414551,,,
6,162599,,2.9129509925842285,2.9129509925842285,,,
6,162649,,0.6037313342094421,0.6037313342094421,,,
6,162699,,2.772733211517334,2.772733211517334,,,
6,162749,,3.6283655166625977,3.6283655166625977,,,
6,162799,,0.27519193291664124,0.27519193291664124,,,
6,162849,,2.5931711196899414,2.5931711196899414,,,
6,162899,,2.1061911582946777,2.1061911582946777,,,
6,162949,,1.8807129859924316,1.8807129859924316,,,
6,162999,,1.9712618589401245,1.9712618589401245,,,
6,163049,,1.7945120334625244,1.7945120334625244,,,
6,163099,,1.9774199724197388,1.9774199724197388,,,
6,163149,,2.033207416534424,2.033207416534424,,,
6,163199,,1.4317171573638916,1.4317171573638916,,,
6,163249,,3.1369521617889404,3.1369521617889404,,,
6,163299,,4.170166969299316,4.170166969299316,,,
6,163349,,2.199402332305908,2.199402332305908,,,
6,163399,,4.3469743728637695,4.3469743728637695,,,
6,163449,,1.146339774131775,1.146339774131775,,,
6,163499,,2.2594761848449707,2.2594761848449707,,,
6,163549,,2.6234872341156006,2.6234872341156006,,,
6,163599,,3.2561988830566406,3.2561988830566406,,,
6,163649,,1.1208869218826294,1.1208869218826294,,,
6,163699,,1.6150233745574951,1.6150233745574951,,,
6,163749,,1.5264211893081665,1.5264211893081665,,,
6,163799,,4.434878349304199,4.434878349304199,,,
6,163849,,1.3192729949951172,1.3192729949951172,,,
6,163899,,1.5849006175994873,1.5849006175994873,,,
6,163949,,2.6113760471343994,2.6113760471343994,,,
6,163999,,3.625664710998535,3.625664710998535,,,
6,164049,,3.2161622047424316,3.2161622047424316,,,
6,164099,,1.127989649772644,1.127989649772644,,,
6,164149,,1.6922227144241333,1.6922227144241333,,,
6,164199,,2.693885326385498,2.693885326385498,,,
6,164249,,2.3715646266937256,2.3715646266937256,,,
6,164299,,1.7673916816711426,1.7673916816711426,,,
6,164349,,3.0748531818389893,3.0748531818389893,,,
6,164399,,3.1329028606414795,3.1329028606414795,,,
6,164449,,2.1072423458099365,2.1072423458099365,,,
6,164499,,2.082517623901367,2.082517623901367,,,
6,164549,,2.818039894104004,2.818039894104004,,,
6,164599,,2.7970845699310303,2.7970845699310303,,,
6,164649,,1.8575782775878906,1.8575782775878906,,,
6,164699,,2.979344367980957,2.979344367980957,,,
6,164749,,1.5914192199707031,1.5914192199707031,,,
6,164799,,2.571289539337158,2.571289539337158,,,
6,164849,,2.193953275680542,2.193953275680542,,,
6,164899,,2.0423569679260254,2.0423569679260254,,,
6,164949,,2.2795839309692383,2.2795839309692383,,,
6,164999,,2.375889778137207,2.375889778137207,,,
6,165049,,1.2627811431884766,1.2627811431884766,,,
6,165099,,3.1007587909698486,3.1007587909698486,,,
6,165149,,2.627613067626953,2.627613067626953,,,
6,165199,,3.9097025394439697,3.9097025394439697,,,
6,165249,,2.2739944458007812,2.2739944458007812,,,
6,165299,,3.0543370246887207,3.0543370246887207,,,
6,165349,,3.236854314804077,3.236854314804077,,,
6,165399,,2.136244058609009,2.136244058609009,,,
6,165449,,4.547041416168213,4.547041416168213,,,
6,165499,,0.02045632340013981,0.02045632340013981,,,
6,165549,,4.031491756439209,4.031491756439209,,,
6,165599,,1.7478351593017578,1.7478351593017578,,,
6,165649,,1.0126330852508545,1.0126330852508545,,,
6,165699,,2.4355077743530273,2.4355077743530273,,,
6,165749,,2.966470956802368,2.966470956802368,,,
6,165799,,2.1293933391571045,2.1293933391571045,,,
6,165849,,0.4757407009601593,0.4757407009601593,,,
6,165899,,3.5429739952087402,3.5429739952087402,,,
6,165949,,2.047943115234375,2.047943115234375,,,
6,165999,,1.5462318658828735,1.5462318658828735,,,
6,166049,,3.1048526763916016,3.1048526763916016,,,
6,166099,,0.1677265763282776,0.1677265763282776,,,
6,166149,,2.6723577976226807,2.6723577976226807,,,
6,166199,,2.1273176670074463,2.1273176670074463,,,
6,166249,,1.7352046966552734,1.7352046966552734,,,
6,166299,,2.7384209632873535,2.7384209632873535,,,
6,166349,,2.580461025238037,2.580461025238037,,,
6,166399,,1.7688701152801514,1.7688701152801514,,,
6,166449,,4.800238132476807,4.800238132476807,,,
6,166499,,2.627322196960449,2.627322196960449,,,
6,166549,,0.41582441329956055,0.41582441329956055,,,
6,166599,,2.226757764816284,2.226757764816284,,,
6,166649,,1.677716851234436,1.677716851234436,,,
6,166699,,1.3879441022872925,1.3879441022872925,,,
6,166749,,2.8665246963500977,2.8665246963500977,,,
6,166799,,0.9008727073669434,0.9008727073669434,,,
6,166849,,3.053466558456421,3.053466558456421,,,
6,166899,,2.8606252670288086,2.8606252670288086,,,
6,166949,,2.7789716720581055,2.7789716720581055,,,
6,166999,,3.735032796859741,3.735032796859741,,,
6,167049,,5.4056901931762695,5.4056901931762695,,,
6,167099,,1.9013762474060059,1.9013762474060059,,,
6,167149,,3.9085965156555176,3.9085965156555176,,,
6,167199,,3.530188798904419,3.530188798904419,,,
6,167249,,1.3322288990020752,1.3322288990020752,,,
6,167299,,1.0041816234588623,1.0041816234588623,,,
6,167349,,2.8342103958129883,2.8342103958129883,,,
6,167399,,0.6338686347007751,0.6338686347007751,,,
6,167449,,1.955110788345337,1.955110788345337,,,
6,167499,,2.3151559829711914,2.3151559829711914,,,
6,167549,,2.034970283508301,2.034970283508301,,,
6,167599,,4.357465744018555,4.357465744018555,,,
6,167649,,1.701522707939148,1.701522707939148,,,
6,167699,,2.67356538772583,2.67356538772583,,,
6,167749,,1.879771113395691,1.879771113395691,,,
6,167799,,1.3798828125,1.3798828125,,,
6,167849,,0.8761155605316162,0.8761155605316162,,,
6,167899,,1.0410895347595215,1.0410895347595215,,,
6,167949,,1.397732138633728,1.397732138633728,,,
6,167999,,2.9039835929870605,2.9039835929870605,,,
6,167999,,,,3.020199775695801,3.020199775695801,3.020199775695801
6,167999,2.3957056999206543,,,,,
7,168049,,3.3956003189086914,3.3956003189086914,,,
7,168099,,1.6439751386642456,1.6439751386642456,,,
7,168149,,1.8918683528900146,1.8918683528900146,,,
7,168199,,2.246258497238159,2.246258497238159,,,
7,168249,,1.399436593055725,1.399436593055725,,,
7,168299,,4.402085304260254,4.402085304260254,,,
7,168349,,4.090688705444336,4.090688705444336,,,
7,168399,,1.3291099071502686,1.3291099071502686,,,
7,168449,,3.1585700511932373,3.1585700511932373,,,
7,168499,,3.183919668197632,3.183919668197632,,,
7,168549,,2.6842873096466064,2.6842873096466064,,,
7,168599,,1.6373265981674194,1.6373265981674194,,,
7,168649,,3.702019214630127,3.702019214630127,,,
7,168699,,1.7087821960449219,1.7087821960449219,,,
7,168749,,1.795846700668335,1.795846700668335,,,
7,168799,,1.671732783317566,1.671732783317566,,,
7,168849,,0.679585874080658,0.679585874080658,,,
7,168899,,1.7550780773162842,1.7550780773162842,,,
7,168949,,2.081932544708252,2.081932544708252,,,
7,168999,,1.6006076335906982,1.6006076335906982,,,
7,169049,,3.2664217948913574,3.2664217948913574,,,
7,169099,,1.5812543630599976,1.5812543630599976,,,
7,169149,,1.045894980430603,1.045894980430603,,,
7,169199,,1.4520459175109863,1.4520459175109863,,,
7,169249,,3.9544849395751953,3.9544849395751953,,,
7,169299,,4.206688404083252,4.206688404083252,,,
7,169349,,5.307904243469238,5.307904243469238,,,
7,169399,,1.9940202236175537,1.9940202236175537,,,
7,169449,,2.6452643871307373,2.6452643871307373,,,
7,169499,,3.3390848636627197,3.3390848636627197,,,
7,169549,,1.4960540533065796,1.4960540533065796,,,
7,169599,,1.9463924169540405,1.9463924169540405,,,
7,169649,,2.1708507537841797,2.1708507537841797,,,
7,169699,,0.90874844789505,0.90874844789505,,,
7,169749,,3.3559012413024902,3.3559012413024902,,,
7,169799,,1.5892078876495361,1.5892078876495361,,,
7,169849,,1.3312361240386963,1.3312361240386963,,,
7,169899,,3.4371585845947266,3.4371585845947266,,,
7,169949,,1.738736629486084,1.738736629486084,,,
7,169999,,0.4850505590438843,0.4850505590438843,,,
7,170049,,0.024761736392974854,0.024761736392974854,,,
7,170099,,2.1534900665283203,2.1534900665283203,,,
7,170149,,2.174149513244629,2.174149513244629,,,
7,170199,,2.3514318466186523,2.3514318466186523,,,
7,170249,,0.39548954367637634,0.39548954367637634,,,
7,170299,,0.5103340744972229,0.5103340744972229,,,
7,170349,,2.4557137489318848,2.4557137489318848,,,
7,170399,,2.6969082355499268,2.6969082355499268,,,
7,170449,,2.1246893405914307,2.1246893405914307,,,
7,170499,,3.234342336654663,3.234342336654663,,,
7,170549,,1.444457769393921,1.444457769393921,,,
7,170599,,1.183858036994934,1.183858036994934,,,
7,170649,,1.4753763675689697,1.4753763675689697,,,
7,170699,,0.7289568781852722,0.7289568781852722,,,
7,170749,,2.393383026123047,2.393383026123047,,,
7,170799,,1.521925687789917,1.521925687789917,,,
7,170849,,2.036194086074829,2.036194086074829,,,
7,170899,,0.0005950927734375,0.0005950927734375,,,
7,170949,,1.5875964164733887,1.5875964164733887,,,
7,170999,,0.8299978375434875,0.8299978375434875,,,
7,171049,,0.7581170201301575,0.7581170201301575,,,
7,171099,,3.8683922290802,3.8683922290802,,,
7,171149,,3.996245861053467,3.996245861053467,,,
7,171199,,2.6015877723693848,2.6015877723693848,,,
7,171249,,1.8287947177886963,1.8287947177886963,,,
7,171299,,1.4611737728118896,1.4611737728118896,,,
7,171349,,3.3054537773132324,3.3054537773132324,,,
7,171399,,1.5666171312332153,1.5666171312332153,,,
7,171449,,2.7771456241607666,2.7771456241607666,,,
7,171499,,2.4447290897369385,2.4447290897369385,,,
7,171549,,1.2673118114471436,1.2673118114471436,,,
7,171599,,0.6150465607643127,0.6150465607643127,,,
7,171649,,1.53719162940979,1.53719162940979,,,
7,171699,,2.293717384338379,2.293717384338379,,,
7,171749,,2.464249610900879,2.464249610900879,,,
7,171799,,1.9435800313949585,1.9435800313949585,,,
7,171849,,0.9905551671981812,0.9905551671981812,,,
7,171899,,3.720339298248291,3.720339298248291,,,
7,171949,,2.4804372787475586,2.4804372787475586,,,
7,171999,,4.567919731140137,4.567919731140137,,,
7,172049,,3.714808225631714,3.714808225631714,,,
7,172099,,3.466426372528076,3.466426372528076,,,
7,172149,,3.3047943115234375,3.3047943115234375,,,
7,172199,,4.360747337341309,4.360747337341309,,,
7,172249,,4.116761684417725,4.116761684417725,,,
7,172299,,0.4763931632041931,0.4763931632041931,,,
7,172349,,1.1865788698196411,1.1865788698196411,,,
7,172399,,3.1867470741271973,3.1867470741271973,,,
7,172449,,3.109142780303955,3.109142780303955,,,
7,172499,,2.696202039718628,2.696202039718628,,,
7,172549,,1.677545189857483,1.677545189857483,,,
7,172599,,4.009869575500488,4.009869575500488,,,
7,172649,,1.3739941120147705,1.3739941120147705,,,
7,172699,,5.304590225219727,5.304590225219727,,,
7,172749,,2.785881757736206,2.785881757736206,,,
7,172799,,2.6665287017822266,2.6665287017822266,,,
7,172849,,1.9686838388442993,1.9686838388442993,,,
7,172899,,1.9645941257476807,1.9645941257476807,,,
7,172949,,3.59828519821167,3.59828519821167,,,
7,172999,,1.918658971786499,1.918658971786499,,,
7,173049,,2.4500982761383057,2.4500982761383057,,,
7,173099,,2.405008316040039,2.405008316040039,,,
7,173149,,1.090851068496704,1.090851068496704,,,
7,173199,,1.8312036991119385,1.8312036991119385,,,
7,173249,,2.134458541870117,2.134458541870117,,,
7,173299,,0.9736873507499695,0.9736873507499695,,,
7,173349,,2.9415836334228516,2.9415836334228516,,,
7,173399,,1.4270797967910767,1.4270797967910767,,,
7,173449,,1.9433209896087646,1.9433209896087646,,,
7,173499,,2.022167444229126,2.022167444229126,,,
7,173549,,2.4772748947143555,2.4772748947143555,,,
7,173599,,1.7636396884918213,1.7636396884918213,,,
7,173649,,2.6335439682006836,2.6335439682006836,,,
7,173699,,2.0133869647979736,2.0133869647979736,,,
7,173749,,2.2335104942321777,2.2335104942321777,,,
7,173799,,2.800192356109619,2.800192356109619,,,
7,173849,,3.474886655807495,3.474886655807495,,,
7,173899,,1.1121904850006104,1.1121904850006104,,,
7,173949,,1.4090428352355957,1.4090428352355957,,,
7,173999,,1.75038480758667,1.75038480758667,,,
7,174049,,3.889134407043457,3.889134407043457,,,
7,174099,,3.924243688583374,3.924243688583374,,,
7,174149,,2.9187216758728027,2.9187216758728027,,,
7,174199,,1.8763173818588257,1.8763173818588257,,,
7,174249,,1.794886827468872,1.794886827468872,,,
7,174299,,2.5306549072265625,2.5306549072265625,,,
7,174349,,3.470012903213501,3.470012903213501,,,
7,174399,,2.5870776176452637,2.5870776176452637,,,
7,174449,,1.5204496383666992,1.5204496383666992,,,
7,174499,,4.763795852661133,4.763795852661133,,,
7,174549,,2.4044392108917236,2.4044392108917236,,,
7,174599,,2.6146976947784424,2.6146976947784424,,,
7,174649,,1.9706248044967651,1.9706248044967651,,,
7,174699,,1.4975240230560303,1.4975240230560303,,,
7,174749,,1.421895146369934,1.421895146369934,,,
7,174799,,2.4848859310150146,2.4848859310150146,,,
7,174849,,2.10186505317688,2.10186505317688,,,
7,174899,,1.8252074718475342,1.8252074718475342,,,
7,174949,,1.8411494493484497,1.8411494493484497,,,
7,174999,,4.197581768035889,4.197581768035889,,,
7,175049,,1.0660300254821777,1.0660300254821777,,,
7,175099,,2.0169942378997803,2.0169942378997803,,,
7,175149,,1.6854016780853271,1.6854016780853271,,,
7,175199,,4.322147369384766,4.322147369384766,,,
7,175249,,3.4851555824279785,3.4851555824279785,,,
7,175299,,3.6756439208984375,3.6756439208984375,,,
7,175349,,4.116349220275879,4.116349220275879,,,
7,175399,,0.41215404868125916,0.41215404868125916,,,
7,175449,,2.5781524181365967,2.5781524181365967,,,
7,175499,,2.483530044555664,2.483530044555664,,,
7,175549,,0.6994927525520325,0.6994927525520325,,,
7,175599,,0.8579210042953491,0.8579210042953491,,,
7,175649,,2.3410749435424805,2.3410749435424805,,,
7,175699,,1.353331208229065,1.353331208229065,,,
7,175749,,1.9656888246536255,1.9656888246536255,,,
7,175799,,2.5814266204833984,2.5814266204833984,,,
7,175849,,1.3955572843551636,1.3955572843551636,,,
7,175899,,4.407134532928467,4.407134532928467,,,
7,175949,,1.1789562702178955,1.1789562702178955,,,
7,175999,,3.4707224369049072,3.4707224369049072,,,
7,176049,,2.3950557708740234,2.3950557708740234,,,
7,176099,,1.9264650344848633,1.9264650344848633,,,
7,176149,,3.0164098739624023,3.0164098739624023,,,
7,176199,,2.556462049484253,2.556462049484253,,,
7,176249,,1.6739513874053955,1.6739513874053955,,,
7,176299,,1.9344844818115234,1.9344844818115234,,,
7,176349,,1.9064687490463257,1.9064687490463257,,,
7,176399,,3.7179479598999023,3.7179479598999023,,,
7,176449,,2.597566604614258,2.597566604614258,,,
7,176499,,2.0880444049835205,2.0880444049835205,,,
7,176549,,6.760732173919678,6.760732173919678,,,
7,176599,,4.092818260192871,4.092818260192871,,,
7,176649,,2.528787612915039,2.528787612915039,,,
7,176699,,0.6943727135658264,0.6943727135658264,,,
7,176749,,1.846564531326294,1.846564531326294,,,
7,176799,,2.532954454421997,2.532954454421997,,,
7,176849,,1.382071614265442,1.382071614265442,,,
7,176899,,2.344459295272827,2.344459295272827,,,
7,176949,,3.9579949378967285,3.9579949378967285,,,
7,176999,,1.1812796592712402,1.1812796592712402,,,
7,177049,,2.1614856719970703,2.1614856719970703,,,
7,177099,,1.4505997896194458,1.4505997896194458,,,
7,177149,,2.7321133613586426,2.7321133613586426,,,
7,177199,,1.6213464736938477,1.6213464736938477,,,
7,177249,,1.901936411857605,1.901936411857605,,,
7,177299,,2.434718608856201,2.434718608856201,,,
7,177349,,1.2433786392211914,1.2433786392211914,,,
7,177399,,2.227745771408081,2.227745771408081,,,
7,177449,,0.6374446749687195,0.6374446749687195,,,
7,177499,,1.559908151626587,1.559908151626587,,,
7,177549,,1.4583334922790527,1.4583334922790527,,,
7,177599,,0.799371600151062,0.799371600151062,,,
7,177649,,3.541649580001831,3.541649580001831,,,
7,177699,,2.7027556896209717,2.7027556896209717,,,
7,177749,,3.1756515502929688,3.1756515502929688,,,
7,177799,,2.4068942070007324,2.4068942070007324,,,
7,177849,,0.6693465113639832,0.6693465113639832,,,
7,177899,,1.5285484790802002,1.5285484790802002,,,
7,177949,,5.023068904876709,5.023068904876709,,,
7,177999,,2.7018041610717773,2.7018041610717773,,,
7,178049,,2.4718024730682373,2.4718024730682373,,,
7,178099,,0.8825531005859375,0.8825531005859375,,,
7,178149,,1.8985525369644165,1.8985525369644165,,,
7,178199,,4.001312732696533,4.001312732696533,,,
7,178249,,1.4733304977416992,1.4733304977416992,,,
7,178299,,2.968163013458252,2.968163013458252,,,
7,178349,,3.0108048915863037,3.0108048915863037,,,
7,178399,,1.4970436096191406,1.4970436096191406,,,
7,178449,,2.749894142150879,2.749894142150879,,,
7,178499,,2.4620282649993896,2.4620282649993896,,,
7,178549,,1.761797547340393,1.761797547340393,,,
7,178599,,4.025904655456543,4.025904655456543,,,
7,178649,,0.0839615911245346,0.0839615911245346,,,
7,178699,,3.7228267192840576,3.7228267192840576,,,
7,178749,,1.9307841062545776,1.9307841062545776,,,
7,178799,,1.1830322742462158,1.1830322742462158,,,
7,178849,,2.225933074951172,2.225933074951172,,,
7,178899,,2.7752389907836914,2.7752389907836914,,,
7,178949,,0.7030206918716431,0.7030206918716431,,,
7,178999,,1.9883480072021484,1.9883480072021484,,,
7,179049,,2.707091808319092,2.707091808319092,,,
7,179099,,1.2002596855163574,1.2002596855163574,,,
7,179149,,2.596681833267212,2.596681833267212,,,
7,179199,,2.1830496788024902,2.1830496788024902,,,
7,179249,,1.9646694660186768,1.9646694660186768,,,
7,179299,,2.6087265014648438,2.6087265014648438,,,
7,179349,,1.9049566984176636,1.9049566984176636,,,
7,179399,,2.4429869651794434,2.4429869651794434,,,
7,179449,,1.6698276996612549,1.6698276996612549,,,
7,179499,,2.170760154724121,2.170760154724121,,,
7,179549,,3.668160915374756,3.668160915374756,,,
7,179599,,2.1754376888275146,2.1754376888275146,,,
7,179649,,1.86809241771698,1.86809241771698,,,
7,179699,,1.5364387035369873,1.5364387035369873,,,
7,179749,,1.9813332557678223,1.9813332557678223,,,
7,179799,,3.091716766357422,3.091716766357422,,,
7,179849,,2.2824935913085938,2.2824935913085938,,,
7,179899,,2.9603090286254883,2.9603090286254883,,,
7,179949,,2.8585493564605713,2.8585493564605713,,,
7,179999,,1.8497841358184814,1.8497841358184814,,,
7,180049,,0.9683858156204224,0.9683858156204224,,,
7,180099,,2.5812923908233643,2.5812923908233643,,,
7,180149,,3.8870015144348145,3.8870015144348145,,,
7,180199,,2.2695868015289307,2.2695868015289307,,,
7,180249,,1.8430874347686768,1.8430874347686768,,,
7,180299,,1.297048807144165,1.297048807144165,,,
7,180349,,3.5864205360412598,3.5864205360412598,,,
7,180399,,0.023088321089744568,0.023088321089744568,,,
7,180449,,2.2836544513702393,2.2836544513702393,,,
7,180499,,2.1735661029815674,2.1735661029815674,,,
7,180549,,2.3211512565612793,2.3211512565612793,,,
7,180599,,3.4522409439086914,3.4522409439086914,,,
7,180649,,3.673807382583618,3.673807382583618,,,
7,180699,,1.2146586179733276,1.2146586179733276,,,
7,180749,,1.7854642868041992,1.7854642868041992,,,
7,180799,,1.5160386562347412,1.5160386562347412,,,
7,180849,,1.5090844631195068,1.5090844631195068,,,
7,180899,,2.0795726776123047,2.0795726776123047,,,
7,180949,,2.767441987991333,2.767441987991333,,,
7,180999,,1.3833099603652954,1.3833099603652954,,,
7,181049,,3.030306100845337,3.030306100845337,,,
7,181099,,4.088737964630127,4.088737964630127,,,
7,181149,,2.586843729019165,2.586843729019165,,,
7,181199,,1.4852770566940308,1.4852770566940308,,,
7,181249,,1.5553842782974243,1.5553842782974243,,,
7,181299,,1.937139630317688,1.937139630317688,,,
7,181349,,2.825770139694214,2.825770139694214,,,
7,181399,,2.0167198181152344,2.0167198181152344,,,
7,181449,,2.8979880809783936,2.8979880809783936,,,
7,181499,,1.4731508493423462,1.4731508493423462,,,
7,181549,,4.444586277008057,4.444586277008057,,,
7,181599,,2.262364387512207,2.262364387512207,,,
7,181649,,2.406101703643799,2.406101703643799,,,
7,181699,,1.3574638366699219,1.3574638366699219,,,
7,181749,,2.5400686264038086,2.5400686264038086,,,
7,181799,,2.2064969539642334,2.2064969539642334,,,
7,181849,,2.6719374656677246,2.6719374656677246,,,
7,181899,,2.4669368267059326,2.4669368267059326,,,
7,181949,,2.3846616744995117,2.3846616744995117,,,
7,181999,,0.09579349309206009,0.09579349309206009,,,
7,182049,,3.765709400177002,3.765709400177002,,,
7,182099,,4.007012844085693,4.007012844085693,,,
7,182149,,2.8310699462890625,2.8310699462890625,,,
7,182199,,2.3726367950439453,2.3726367950439453,,,
7,182249,,0.7102342247962952,0.7102342247962952,,,
7,182299,,1.2294868230819702,1.2294868230819702,,,
7,182349,,2.484809637069702,2.484809637069702,,,
7,182399,,2.3597655296325684,2.3597655296325684,,,
7,182449,,2.4901745319366455,2.4901745319366455,,,
7,182499,,3.0625805854797363,3.0625805854797363,,,
7,182549,,2.5582594871520996,2.5582594871520996,,,
7,182599,,3.2226881980895996,3.2226881980895996,,,
7,182649,,1.7730693817138672,1.7730693817138672,,,
7,182699,,1.1782870292663574,1.1782870292663574,,,
7,182749,,3.1469879150390625,3.1469879150390625,,,
7,182799,,4.037169456481934,4.037169456481934,,,
7,182849,,1.5327316522598267,1.5327316522598267,,,
7,182899,,1.865003228187561,1.865003228187561,,,
7,182949,,0.6415888071060181,0.6415888071060181,,,
7,182999,,1.72031831741333,1.72031831741333,,,
7,183049,,3.7987077236175537,3.7987077236175537,,,
7,183099,,2.3187615871429443,2.3187615871429443,,,
7,183149,,1.961240530014038,1.961240530014038,,,
7,183199,,1.7677496671676636,1.7677496671676636,,,
7,183249,,1.6970510482788086,1.6970510482788086,,,
7,183299,,1.8289663791656494,1.8289663791656494,,,
7,183349,,3.765568733215332,3.765568733215332,,,
7,183399,,4.773699760437012,4.773699760437012,,,
7,183449,,5.421378135681152,5.421378135681152,,,
7,183499,,1.865860939025879,1.865860939025879,,,
7,183549,,1.1389782428741455,1.1389782428741455,,,
7,183599,,1.100407600402832,1.100407600402832,,,
7,183649,,2.155874490737915,2.155874490737915,,,
7,183699,,2.3399646282196045,2.3399646282196045,,,
7,183749,,2.7930891513824463,2.7930891513824463,,,
7,183799,,3.103065013885498,3.103065013885498,,,
7,183849,,2.174619197845459,2.174619197845459,,,
7,183899,,2.545530319213867,2.545530319213867,,,
7,183949,,0.12623460590839386,0.12623460590839386,,,
7,183999,,4.827307224273682,4.827307224273682,,,
7,184049,,2.0205929279327393,2.0205929279327393,,,
7,184099,,2.967308521270752,2.967308521270752,,,
7,184149,,2.8731963634490967,2.8731963634490967,,,
7,184199,,1.9350509643554688,1.9350509643554688,,,
7,184249,,2.039823532104492,2.039823532104492,,,
7,184299,,3.0300254821777344,3.0300254821777344,,,
7,184349,,2.7248129844665527,2.7248129844665527,,,
7,184399,,1.947411298751831,1.947411298751831,,,
7,184449,,1.5118943452835083,1.5118943452835083,,,
7,184499,,1.211244821548462,1.211244821548462,,,
7,184549,,2.454852819442749,2.454852819442749,,,
7,184599,,2.568080425262451,2.568080425262451,,,
7,184649,,2.4989984035491943,2.4989984035491943,,,
7,184699,,2.197496175765991,2.197496175765991,,,
7,184749,,0.5923081636428833,0.5923081636428833,,,
7,184799,,2.614293336868286,2.614293336868286,,,
7,184849,,1.5341628789901733,1.5341628789901733,,,
7,184899,,1.3249375820159912,1.3249375820159912,,,
7,184949,,1.4524521827697754,1.4524521827697754,,,
7,184999,,1.9613450765609741,1.9613450765609741,,,
7,185049,,1.2317899465560913,1.2317899465560913,,,
7,185099,,1.6290537118911743,1.6290537118911743,,,
7,185149,,2.646001100540161,2.646001100540161,,,
7,185199,,0.8250663876533508,0.8250663876533508,,,
7,185249,,1.6804203987121582,1.6804203987121582,,,
7,185299,,3.603316307067871,3.603316307067871,,,
7,185349,,1.5927824974060059,1.5927824974060059,,,
7,185399,,2.95024037361145,2.95024037361145,,,
7,185449,,2.5276145935058594,2.5276145935058594,,,
7,185499,,2.112581253051758,2.112581253051758,,,
7,185549,,1.2191705703735352,1.2191705703735352,,,
7,185599,,2.1159989833831787,2.1159989833831787,,,
7,185649,,1.1526873111724854,1.1526873111724854,,,
7,185699,,1.8151367902755737,1.8151367902755737,,,
7,185749,,0.26805567741394043,0.26805567741394043,,,
7,185799,,3.7673158645629883,3.7673158645629883,,,
7,185849,,1.8553671836853027,1.8553671836853027,,,
7,185899,,3.6904854774475098,3.6904854774475098,,,
7,185949,,1.015477180480957,1.015477180480957,,,
7,185999,,1.6492208242416382,1.6492208242416382,,,
7,186049,,1.7479349374771118,1.7479349374771118,,,
7,186099,,1.8390876054763794,1.8390876054763794,,,
7,186149,,2.1850476264953613,2.1850476264953613,,,
7,186199,,0.8284968137741089,0.8284968137741089,,,
7,186249,,2.047482967376709,2.047482967376709,,,
7,186299,,2.924927234649658,2.924927234649658,,,
7,186349,,3.954105854034424,3.954105854034424,,,
7,186399,,4.167661190032959,4.167661190032959,,,
7,186449,,2.01826548576355,2.01826548576355,,,
7,186499,,1.561064600944519,1.561064600944519,,,
7,186549,,3.0681800842285156,3.0681800842285156,,,
7,186599,,2.0948216915130615,2.0948216915130615,,,
7,186649,,0.9122780561447144,0.9122780561447144,,,
7,186699,,2.4875025749206543,2.4875025749206543,,,
7,186749,,2.1674742698669434,2.1674742698669434,,,
7,186799,,2.157195568084717,2.157195568084717,,,
7,186849,,2.2101404666900635,2.2101404666900635,,,
7,186899,,2.763479709625244,2.763479709625244,,,
7,186949,,3.2251832485198975,3.2251832485198975,,,
7,186999,,1.3819433450698853,1.3819433450698853,,,
7,187049,,2.839047431945801,2.839047431945801,,,
7,187099,,2.433946371078491,2.433946371078491,,,
7,187149,,2.3682146072387695,2.3682146072387695,,,
7,187199,,2.623572826385498,2.623572826385498,,,
7,187249,,1.883238673210144,1.883238673210144,,,
7,187299,,2.7028110027313232,2.7028110027313232,,,
7,187349,,2.0092220306396484,2.0092220306396484,,,
7,187399,,3.2617082595825195,3.2617082595825195,,,
7,187449,,0.9485584497451782,0.9485584497451782,,,
7,187499,,2.1019229888916016,2.1019229888916016,,,
7,187549,,0.05905278027057648,0.05905278027057648,,,
7,187599,,2.233520984649658,2.233520984649658,,,
7,187649,,1.9610052108764648,1.9610052108764648,,,
7,187699,,1.9191033840179443,1.9191033840179443,,,
7,187749,,2.439361333847046,2.439361333847046,,,
7,187799,,3.9954447746276855,3.9954447746276855,,,
7,187849,,2.0217928886413574,2.0217928886413574,,,
7,187899,,1.048451542854309,1.048451542854309,,,
7,187949,,2.333592414855957,2.333592414855957,,,
7,187999,,2.8976004123687744,2.8976004123687744,,,
7,188049,,3.6341586112976074,3.6341586112976074,,,
7,188099,,3.226597309112549,3.226597309112549,,,
7,188149,,2.0565671920776367,2.0565671920776367,,,
7,188199,,2.56811785697937,2.56811785697937,,,
7,188249,,2.7687442302703857,2.7687442302703857,,,
7,188299,,1.0068118572235107,1.0068118572235107,,,
7,188349,,2.02555513381958,2.02555513381958,,,
7,188399,,3.266756296157837,3.266756296157837,,,
7,188449,,1.4935598373413086,1.4935598373413086,,,
7,188499,,2.706023931503296,2.706023931503296,,,
7,188549,,1.5372816324234009,1.5372816324234009,,,
7,188599,,3.0112361907958984,3.0112361907958984,,,
7,188649,,2.195106029510498,2.195106029510498,,,
7,188699,,1.073819637298584,1.073819637298584,,,
7,188749,,1.6049182415008545,1.6049182415008545,,,
7,188799,,1.346199631690979,1.346199631690979,,,
7,188849,,1.9777066707611084,1.9777066707611084,,,
7,188899,,2.3054039478302,2.3054039478302,,,
7,188949,,0.2548213005065918,0.2548213005065918,,,
7,188999,,0.29734474420547485,0.29734474420547485,,,
7,189049,,3.4628067016601562,3.4628067016601562,,,
7,189099,,3.845407485961914,3.845407485961914,,,
7,189149,,3.753417730331421,3.753417730331421,,,
7,189199,,2.3174898624420166,2.3174898624420166,,,
7,189249,,1.2070536613464355,1.2070536613464355,,,
7,189299,,2.9324302673339844,2.9324302673339844,,,
7,189349,,1.3462806940078735,1.3462806940078735,,,
7,189399,,1.3991811275482178,1.3991811275482178,,,
7,189449,,1.1502351760864258,1.1502351760864258,,,
7,189499,,3.4949944019317627,3.4949944019317627,,,
7,189549,,1.0277156829833984,1.0277156829833984,,,
7,189599,,0.16055959463119507,0.16055959463119507,,,
7,189649,,1.963836431503296,1.963836431503296,,,
7,189699,,2.272233486175537,2.272233486175537,,,
7,189749,,2.3820621967315674,2.3820621967315674,,,
7,189799,,2.8366801738739014,2.8366801738739014,,,
7,189849,,0.959661066532135,0.959661066532135,,,
7,189899,,4.256272315979004,4.256272315979004,,,
7,189949,,2.616199493408203,2.616199493408203,,,
7,189999,,2.558673620223999,2.558673620223999,,,
7,190049,,0.14751240611076355,0.14751240611076355,,,
7,190099,,1.7743277549743652,1.7743277549743652,,,
7,190149,,0.9712206125259399,0.9712206125259399,,,
7,190199,,2.6259825229644775,2.6259825229644775,,,
7,190249,,1.9258668422698975,1.9258668422698975,,,
7,190299,,2.870375156402588,2.870375156402588,,,
7,190349,,1.3876105546951294,1.3876105546951294,,,
7,190399,,1.009676456451416,1.009676456451416,,,
7,190449,,2.1442317962646484,2.1442317962646484,,,
7,190499,,2.6485533714294434,2.6485533714294434,,,
7,190549,,2.109616994857788,2.109616994857788,,,
7,190599,,2.9278974533081055,2.9278974533081055,,,
7,190649,,3.3501405715942383,3.3501405715942383,,,
7,190699,,2.4752116203308105,2.4752116203308105,,,
7,190749,,2.07798171043396,2.07798171043396,,,
7,190799,,2.2223398685455322,2.2223398685455322,,,
7,190849,,2.3608484268188477,2.3608484268188477,,,
7,190899,,3.2008159160614014,3.2008159160614014,,,
7,190949,,2.7397756576538086,2.7397756576538086,,,
7,190999,,0.7642998099327087,0.7642998099327087,,,
7,191049,,2.586956024169922,2.586956024169922,,,
7,191099,,2.877960443496704,2.877960443496704,,,
7,191149,,3.578157424926758,3.578157424926758,,,
7,191199,,4.333854675292969,4.333854675292969,,,
7,191249,,1.3823999166488647,1.3823999166488647,,,
7,191299,,2.517967700958252,2.517967700958252,,,
7,191349,,1.9450125694274902,1.9450125694274902,,,
7,191399,,0.18160389363765717,0.18160389363765717,,,
7,191449,,2.1901519298553467,2.1901519298553467,,,
7,191499,,1.3869470357894897,1.3869470357894897,,,
7,191549,,2.2093136310577393,2.2093136310577393,,,
7,191599,,2.8648464679718018,2.8648464679718018,,,
7,191649,,2.720552682876587,2.720552682876587,,,
7,191699,,5.374092102050781,5.374092102050781,,,
7,191749,,1.667405128479004,1.667405128479004,,,
7,191799,,1.1384215354919434,1.1384215354919434,,,
7,191849,,2.220327377319336,2.220327377319336,,,
7,191899,,4.934093475341797,4.934093475341797,,,
7,191949,,1.0693882703781128,1.0693882703781128,,,
7,191999,,2.601886749267578,2.601886749267578,,,
7,191999,,,,3.031890392303467,3.020199775695801,3.031890630722046
7,191999,2.234795331954956,,,,,
8,192049,,2.36041522026062,2.36041522026062,,,
8,192099,,0.94014573097229,0.94014573097229,,,
8,192149,,3.785414457321167,3.785414457321167,,,
8,192199,,3.0687906742095947,3.0687906742095947,,,
8,192249,,2.8475377559661865,2.8475377559661865,,,
8,192299,,0.7287865877151489,0.7287865877151489,,,
8,192349,,1.84868586063385,1.84868586063385,,,
8,192399,,2.210043430328369,2.210043430328369,,,
8,192449,,3.3677568435668945,3.3677568435668945,,,
8,192499,,3.0092368125915527,3.0092368125915527,,,
8,192549,,2.38070011138916,2.38070011138916,,,
8,192599,,1.8124721050262451,1.8124721050262451,,,
8,192649,,0.9738970994949341,0.9738970994949341,,,
8,192699,,3.345676898956299,3.345676898956299,,,
8,192749,,0.8274259567260742,0.8274259567260742,,,
8,192799,,3.609093189239502,3.609093189239502,,,
8,192849,,2.8138999938964844,2.8138999938964844,,,
8,192899,,2.6828248500823975,2.6828248500823975,,,
8,192949,,2.270599365234375,2.270599365234375,,,
8,192999,,1.8911405801773071,1.8911405801773071,,,
8,193049,,0.6529208421707153,0.6529208421707153,,,
8,193099,,1.9187686443328857,1.9187686443328857,,,
8,193149,,2.487215518951416,2.487215518951416,,,
8,193199,,2.867659330368042,2.867659330368042,,,
8,193249,,2.244945526123047,2.244945526123047,,,
8,193299,,1.4274914264678955,1.4274914264678955,,,
